Source,Voltage,Current,Power (Watts)
Inv1-S3-Module1 11-4-2022 11-42 AM (GMT+5),5.10,17.77,90.7
,6.57,17.75,116.7
,7.49,17.73,132.9
,8.38,17.72,148.5
,9.27,17.72,164.2
,10.22,17.71,181.0
,11.07,17.71,196.1
,11.96,17.70,211.8
,12.85,17.70,227.4
,13.77,17.69,243.6
,14.63,17.68,258.6
,15.54,17.67,274.6
,16.40,17.65,289.5
,17.29,17.61,304.5
,18.18,17.58,319.6
,19.10,17.55,335.2
,19.95,17.54,349.9
,20.78,17.52,364.0
,21.67,17.50,379.2
,22.49,17.47,392.9
,23.23,17.33,402.5
,23.99,17.10,410.1
,24.69,16.79,414.5
,25.36,16.40,415.9
,25.93,15.95,413.5
,26.53,15.42,409.1
,27.05,14.84,401.3
,27.59,14.21,392.1
,28.01,13.56,379.9
,28.43,12.90,366.6
,28.81,12.22,352.1
,29.17,11.56,337.1
,29.53,10.90,321.8
,29.83,10.26,306.1
,30.06,9.64,289.9
,30.39,9.05,275.0
,30.60,8.49,259.8
,30.83,7.96,245.3
,31.01,7.45,231.2
,31.25,6.98,218.0
,31.39,6.53,205.0
,31.54,6.11,192.6
,31.66,5.72,180.9
,31.80,5.35,170.1
,32.01,5.01,160.3
,32.07,4.69,150.3
,32.16,4.39,141.1
,32.28,4.11,132.8
,32.36,3.86,124.9
,32.45,3.62,117.5
,32.57,3.39,110.5
,32.60,3.19,103.9
,32.66,2.99,97.7
,32.75,2.81,92.1
,32.80,2.65,86.9
,32.89,2.49,82.0
,32.89,2.35,77.2
,32.98,2.21,72.8
,32.98,2.08,68.7
,33.01,1.96,64.9
,33.07,1.85,61.2
,33.10,1.75,57.9
,33.13,1.65,54.8
,33.22,1.56,51.7
,33.18,1.48,49.0
,33.21,1.39,46.2
,33.24,1.32,43.7
,33.27,1.24,41.4
,33.27,1.18,39.2
,33.33,1.11,37.1
,33.36,1.05,35.1
,33.36,1.00,33.3
,33.36,0.94,31.5
,33.36,0.89,29.8
,33.39,0.84,28.2
,33.45,0.80,26.7
,33.42,0.76,25.3
,33.45,0.72,24.1
,33.45,0.68,22.7
,33.48,0.65,21.7
,33.48,0.61,20.5
,33.45,0.58,19.4
,33.51,0.55,18.4
,33.54,0.52,17.5
,33.54,0.49,16.6
,33.48,0.47,15.7
,33.57,0.45,15.0
,33.51,0.43,14.2
,33.54,0.40,13.4
,33.57,0.38,12.7
,33.54,0.36,12.0
,33.57,0.34,11.4
,33.63,0.31,10.5
,33.57,0.30,10.1
,33.60,0.29,9.7
,33.60,0.28,9.3
,33.56,0.27,8.9
,33.63,0.25,8.5
,33.56,0.24,8.1
,33.63,0.23,7.8
,,,
Inv1-S3-Module10 11-4-2022 11-50 AM (GMT+5).csv,5.43,17.11,92.9
,6.90,17.10,118.0
,7.85,17.10,134.2
,8.71,17.09,148.8
,9.63,17.09,164.5
,10.55,17.09,180.2
,11.49,17.08,196.3
,12.32,17.08,210.4
,13.30,17.07,227.1
,14.16,17.07,241.6
,15.05,17.06,256.6
,15.96,17.05,272.2
,16.88,17.04,287.8
,17.77,17.04,302.8
,18.66,17.03,317.9
,19.55,17.02,332.7
,20.40,17.01,347.1
,21.29,16.99,361.8
,22.18,16.95,375.9
,22.97,16.86,387.3
,23.80,16.69,397.3
,24.53,16.46,403.8
,25.23,16.16,407.7
,25.87,15.78,408.2
,26.53,15.32,406.5
,27.14,14.79,401.5
,27.68,14.21,393.3
,28.13,13.59,382.3
,28.58,12.94,369.7
,29.00,12.27,355.8
,29.42,11.60,341.2
,29.77,10.93,325.6
,30.07,10.29,309.4
,30.40,9.66,293.6
,30.70,9.05,277.7
,30.96,8.47,262.4
,31.17,7.92,246.9
,31.38,7.40,232.3
,31.58,6.91,218.4
,31.76,6.46,205.1
,31.94,6.03,192.5
,32.05,5.62,180.2
,32.20,5.25,169.0
,32.35,4.90,158.5
,32.44,4.58,148.5
,32.55,4.27,139.1
,32.67,3.99,130.5
,32.82,3.74,122.8
,32.85,3.50,114.9
,32.91,3.27,107.6
,32.99,3.07,101.3
,33.05,2.87,95.0
,33.11,2.69,89.2
,33.20,2.53,84.0
,33.26,2.38,79.0
,33.29,2.23,74.3
,33.35,2.10,70.0
,33.41,1.97,65.9
,33.41,1.86,62.1
,33.50,1.75,58.6
,33.46,1.65,55.2
,33.52,1.56,52.2
,33.52,1.46,49.0
,33.58,1.38,46.3
,33.61,1.30,43.8
,33.67,1.23,41.3
,33.70,1.16,39.1
,33.73,1.09,36.8
,33.70,1.03,34.8
,33.76,0.97,32.8
,33.76,0.92,31.0
,33.76,0.87,29.3
,33.82,0.82,27.7
,33.82,0.77,26.2
,33.82,0.73,24.7
,33.79,0.70,23.5
,33.85,0.65,22.2
,33.82,0.62,21.0
,33.85,0.58,19.8
,33.91,0.55,18.8
,33.84,0.53,17.8
,33.87,0.50,16.8
,33.90,0.47,16.1
,33.93,0.44,15.0
,33.93,0.42,14.3
,33.93,0.40,13.5
,33.90,0.38,12.8
,33.93,0.36,12.1
,33.93,0.33,11.4
,33.93,0.31,10.6
,33.93,0.30,10.1
,33.93,0.28,9.5
,33.96,0.27,9.2
,33.96,0.26,8.8
,33.99,0.25,8.4
,33.99,0.24,8.0
,33.96,0.22,7.6
,33.96,0.22,7.3
,33.96,0.20,6.8
,33.96,0.18,6.2
,,,
Inv1-S3-Module11 11-4-2022 11-50 AM (GMT+5).csv,5.84,17.53,102.3
,7.24,17.50,126.8
,8.13,17.49,142.2
,9.05,17.49,158.3
,9.97,17.49,174.3
,10.89,17.48,190.3
,11.78,17.48,205.8
,12.72,17.47,222.3
,13.61,17.47,237.8
,14.50,17.46,253.2
,15.42,17.45,269.1
,16.34,17.44,285.0
,17.20,17.44,299.8
,18.17,17.42,316.6
,19.03,17.40,331.2
,19.95,17.39,346.9
,20.84,17.37,362.0
,21.73,17.36,377.1
,22.61,17.34,392.1
,23.38,17.25,403.2
,24.17,17.07,412.6
,24.93,16.82,419.4
,25.60,16.49,422.2
,26.30,16.09,423.2
,26.87,15.60,419.4
,27.48,15.05,413.6
,27.99,14.45,404.4
,28.50,13.80,393.4
,28.95,13.13,380.2
,29.37,12.45,365.6
,29.73,11.77,349.8
,30.14,11.09,334.4
,30.44,10.43,317.5
,30.71,9.79,300.7
,31.00,9.18,284.5
,31.24,8.59,268.4
,31.51,8.03,253.2
,31.68,7.51,237.9
,31.86,7.02,223.6
,32.07,6.55,210.1
,32.24,6.12,197.3
,32.42,5.71,185.1
,32.54,5.33,173.5
,32.66,4.98,162.6
,32.80,4.65,152.6
,32.89,4.35,143.0
,32.98,4.06,134.1
,33.07,3.80,125.7
,33.15,3.55,117.9
,33.24,3.33,110.8
,33.33,3.12,104.0
,33.39,2.92,97.6
,33.45,2.74,91.7
,33.54,2.58,86.5
,33.54,2.42,81.2
,33.60,2.28,76.5
,33.65,2.14,72.0
,33.71,2.01,67.9
,33.71,1.90,64.0
,33.77,1.79,60.4
,33.83,1.68,56.9
,33.86,1.58,53.6
,33.89,1.49,50.6
,33.89,1.41,47.8
,33.92,1.33,45.1
,33.98,1.26,42.7
,34.01,1.18,40.2
,33.95,1.12,37.9
,34.01,1.06,35.9
,34.00,1.00,34.0
,34.06,0.95,32.2
,34.09,0.89,30.4
,34.06,0.84,28.7
,34.12,0.80,27.2
,34.09,0.75,25.6
,34.12,0.71,24.3
,34.18,0.67,22.9
,34.15,0.64,21.9
,34.18,0.60,20.6
,34.21,0.57,19.5
,34.18,0.54,18.5
,34.21,0.51,17.6
,34.21,0.49,16.6
,34.24,0.46,15.7
,34.21,0.44,15.0
,34.24,0.41,14.1
,34.24,0.39,13.3
,34.24,0.37,12.6
,34.24,0.35,11.9
,34.27,0.32,11.1
,34.27,0.31,10.5
,34.27,0.29,10.1
,34.27,0.28,9.5
,34.24,0.27,9.1
,34.30,0.25,8.7
,34.30,0.24,8.3
,34.30,0.23,7.9
,34.30,0.22,7.6
,34.30,0.21,7.1
,34.27,0.19,6.6
,,,
Inv1-S3-Module12 11-4-2022 11-50 AM (GMT+5).csv,5.43,17.02,92.5
,6.90,17.00,117.3
,7.82,16.99,132.8
,8.64,16.98,146.8
,9.56,16.98,162.4
,10.48,16.97,177.9
,11.40,16.97,193.5
,12.26,16.96,207.9
,13.15,16.96,223.0
,14.06,16.95,238.5
,14.98,16.95,254.0
,15.90,16.94,269.4
,16.76,16.94,283.9
,17.65,16.94,298.9
,18.57,16.93,314.3
,19.42,16.93,328.8
,20.31,16.92,343.7
,21.17,16.91,357.9
,22.06,16.87,372.2
,22.85,16.80,383.9
,23.64,16.64,393.5
,24.41,16.42,400.8
,25.11,16.12,404.7
,25.77,15.74,405.8
,26.41,15.28,403.6
,26.95,14.76,397.9
,27.53,14.18,390.3
,27.98,13.55,379.2
,28.49,12.91,367.7
,28.91,12.24,353.7
,29.23,11.57,338.3
,29.62,10.91,323.1
,29.95,10.26,307.1
,30.25,9.63,291.3
,30.48,9.03,275.1
,30.78,8.45,260.0
,31.02,7.90,245.1
,31.25,7.38,230.8
,31.46,6.90,217.0
,31.61,6.44,203.6
,31.78,6.01,191.1
,31.93,5.61,179.1
,32.05,5.24,167.9
,32.20,4.89,157.5
,32.28,4.57,147.5
,32.43,4.27,138.4
,32.52,3.99,129.8
,32.61,3.73,121.7
,32.73,3.49,114.2
,32.78,3.27,107.1
,32.84,3.06,100.5
,32.96,2.87,94.6
,32.99,2.69,88.9
,33.05,2.53,83.5
,33.11,2.37,78.5
,33.17,2.23,74.0
,33.19,2.10,69.6
,33.25,1.97,65.7
,33.31,1.85,61.8
,33.31,1.75,58.3
,33.34,1.65,55.0
,33.40,1.55,51.8
,33.46,1.46,48.9
,33.46,1.38,46.1
,33.49,1.30,43.5
,33.52,1.22,41.0
,33.52,1.16,38.8
,33.55,1.09,36.6
,33.55,1.03,34.5
,33.58,0.97,32.6
,33.61,0.92,30.8
,33.64,0.87,29.1
,33.60,0.82,27.5
,33.66,0.78,26.1
,33.66,0.73,24.6
,33.63,0.70,23.4
,33.69,0.66,22.1
,33.72,0.62,20.9
,33.72,0.58,19.7
,33.72,0.56,18.8
,33.72,0.52,17.7
,33.75,0.50,16.8
,33.72,0.47,15.9
,33.72,0.45,15.1
,33.75,0.42,14.2
,33.78,0.40,13.4
,33.78,0.38,12.7
,33.78,0.36,12.0
,33.75,0.33,11.2
,33.81,0.31,10.6
,33.78,0.30,10.0
,33.81,0.28,9.6
,33.81,0.27,9.1
,33.84,0.26,8.8
,33.78,0.25,8.3
,33.81,0.24,8.0
,33.81,0.23,7.6
,33.81,0.21,7.2
,33.87,0.20,6.7
,33.84,0.18,6.2
,,,
Inv1-S3-Module13 11-4-2022 11-51 AM (GMT+5).csv,5.84,17.57,102.6
,7.28,17.54,127.6
,8.16,17.53,143.1
,9.08,17.51,159.0
,10.00,17.49,174.9
,10.89,17.48,190.3
,11.84,17.47,206.8
,12.72,17.46,222.2
,13.64,17.46,238.2
,14.53,17.45,253.5
,15.45,17.43,269.3
,16.31,17.41,284.0
,17.19,17.37,298.7
,18.11,17.32,313.7
,19.00,17.27,328.1
,19.83,17.23,341.5
,20.71,17.20,356.2
,21.60,17.18,371.1
,22.46,17.16,385.4
,23.35,17.14,400.1
,24.11,17.06,411.3
,24.87,16.86,419.4
,25.60,16.55,423.8
,26.24,16.15,423.7
,26.84,15.66,420.4
,27.45,15.11,414.8
,27.93,14.51,405.3
,28.41,13.87,394.1
,28.86,13.20,380.9
,29.31,12.52,366.9
,29.67,11.84,351.2
,30.02,11.16,335.1
,30.35,10.50,318.8
,30.71,9.86,302.8
,30.91,9.25,285.9
,31.21,8.66,270.3
,31.42,8.10,254.6
,31.62,7.58,239.6
,31.83,7.08,225.4
,32.01,6.61,211.7
,32.15,6.18,198.7
,32.33,5.77,186.6
,32.51,5.39,175.2
,32.56,5.03,163.9
,32.71,4.71,153.9
,32.86,4.40,144.6
,32.95,4.11,135.5
,33.07,3.85,127.3
,33.12,3.60,119.4
,33.24,3.37,112.1
,33.27,3.16,105.1
,33.36,2.97,99.0
,33.42,2.78,93.0
,33.48,2.61,87.5
,33.51,2.46,82.3
,33.56,2.31,77.5
,33.65,2.17,73.1
,33.71,2.04,68.9
,33.74,1.92,64.9
,33.77,1.82,61.3
,33.77,1.71,57.7
,33.83,1.61,54.5
,33.83,1.52,51.5
,33.86,1.43,48.5
,33.86,1.35,45.7
,33.92,1.28,43.4
,33.98,1.21,40.9
,33.98,1.14,38.6
,34.01,1.08,36.6
,34.00,1.02,34.5
,34.00,0.96,32.6
,34.06,0.91,31.0
,34.03,0.86,29.1
,34.06,0.81,27.5
,34.09,0.77,26.1
,34.15,0.73,24.8
,34.15,0.69,23.4
,34.12,0.65,22.2
,34.15,0.62,21.1
,34.18,0.58,20.0
,34.15,0.55,18.8
,34.18,0.52,17.8
,34.18,0.50,16.9
,34.18,0.47,16.1
,34.18,0.44,15.2
,34.21,0.42,14.4
,34.24,0.40,13.7
,34.18,0.38,12.9
,34.24,0.36,12.2
,34.24,0.33,11.5
,34.27,0.31,10.7
,34.27,0.30,10.2
,34.24,0.28,9.7
,34.24,0.27,9.3
,34.27,0.26,8.8
,34.30,0.25,8.5
,34.27,0.24,8.1
,34.27,0.23,7.8
,34.30,0.22,7.5
,34.27,0.20,7.0
,,,
Inv1-S3-Module14 11-4-2022 11-51 AM (GMT+5).csv,5.78,17.81,102.9
,7.25,17.80,129.0
,8.14,17.78,144.7
,9.02,17.77,160.4
,9.94,17.75,176.5
,10.83,17.74,192.1
,11.72,17.72,207.7
,12.61,17.71,223.3
,13.49,17.70,238.9
,14.38,17.69,254.4
,15.27,17.68,270.0
,16.13,17.67,285.0
,17.01,17.67,300.6
,17.90,17.65,316.0
,18.82,17.64,332.0
,19.71,17.63,347.5
,20.54,17.62,361.9
,21.45,17.60,377.5
,22.31,17.57,392.1
,23.04,17.47,402.5
,23.84,17.26,411.5
,24.54,16.99,416.9
,25.21,16.64,419.3
,25.84,16.20,418.8
,26.48,15.70,415.6
,26.99,15.13,408.3
,27.50,14.52,399.3
,27.95,13.87,387.7
,28.40,13.20,374.8
,28.82,12.52,360.9
,29.18,11.85,345.6
,29.53,11.18,330.1
,29.83,10.52,313.9
,30.16,9.89,298.4
,30.42,9.29,282.8
,30.66,8.72,267.2
,30.90,8.17,252.3
,31.10,7.65,237.9
,31.31,7.16,224.1
,31.49,6.70,211.0
,31.60,6.27,198.1
,31.75,5.87,186.3
,31.90,5.49,175.0
,32.01,5.13,164.3
,32.13,4.80,154.4
,32.28,4.50,145.3
,32.34,4.21,136.3
,32.49,3.95,128.3
,32.58,3.70,120.7
,32.66,3.48,113.5
,32.69,3.26,106.5
,32.78,3.06,100.4
,32.84,2.88,94.6
,32.90,2.71,89.1
,32.96,2.55,84.0
,33.02,2.40,79.2
,33.04,2.26,74.7
,33.10,2.13,70.4
,33.13,2.01,66.5
,33.19,1.89,62.9
,33.19,1.79,59.4
,33.22,1.69,56.0
,33.28,1.59,53.0
,33.31,1.51,50.3
,33.37,1.42,47.5
,33.37,1.34,44.9
,33.37,1.27,42.4
,33.43,1.20,40.2
,33.42,1.14,38.0
,33.45,1.08,36.0
,33.48,1.02,34.1
,33.51,0.96,32.3
,33.51,0.91,30.5
,33.51,0.86,28.8
,33.57,0.82,27.5
,33.54,0.78,26.0
,33.54,0.74,24.7
,33.57,0.70,23.3
,33.57,0.66,22.2
,33.60,0.62,21.0
,33.63,0.59,20.0
,33.60,0.56,18.9
,33.63,0.53,18.0
,33.66,0.51,17.1
,33.66,0.48,16.3
,33.69,0.46,15.3
,33.69,0.43,14.6
,33.69,0.41,13.8
,33.66,0.39,13.1
,33.69,0.37,12.5
,33.69,0.35,11.7
,33.69,0.33,11.1
,33.69,0.31,10.5
,33.72,0.29,9.9
,33.69,0.28,9.5
,33.72,0.27,9.0
,33.69,0.26,8.7
,33.69,0.25,8.4
,33.72,0.23,7.9
,33.75,0.23,7.6
,,,
Inv1-S3-Module15 11-4-2022 11-52 AM (GMT+5).csv,6.06,18.09,109.6
,7.50,18.05,135.3
,8.42,18.04,151.9
,9.30,18.04,167.8
,10.25,18.03,184.9
,11.11,18.03,200.3
,12.06,18.02,217.3
,12.95,18.01,233.2
,13.84,18.01,249.2
,14.75,18.01,265.7
,15.67,18.00,282.1
,16.56,18.00,298.1
,17.42,17.99,313.4
,18.37,17.98,330.3
,19.22,17.98,345.6
,20.11,17.97,361.4
,20.97,17.95,376.4
,21.89,17.93,392.4
,22.68,17.86,405.2
,23.45,17.69,414.7
,24.18,17.45,421.9
,24.88,17.14,426.4
,25.54,16.75,427.8
,26.21,16.28,426.7
,26.75,15.75,421.4
,27.36,15.16,414.7
,27.81,14.53,404.0
,28.26,13.87,392.0
,28.68,13.19,378.3
,29.12,12.51,364.4
,29.48,11.83,348.8
,29.78,11.17,332.5
,30.11,10.52,316.7
,30.37,9.89,300.5
,30.67,9.29,285.0
,30.91,8.72,269.4
,31.14,8.17,254.5
,31.38,7.66,240.2
,31.56,7.17,226.3
,31.70,6.71,212.8
,31.88,6.28,200.3
,32.06,5.88,188.4
,32.17,5.50,177.1
,32.29,5.15,166.4
,32.41,4.83,156.4
,32.56,4.52,147.2
,32.61,4.24,138.2
,32.76,3.97,130.1
,32.82,3.73,122.3
,32.91,3.49,115.0
,32.97,3.28,108.3
,33.06,3.09,102.0
,33.08,2.90,95.9
,33.14,2.73,90.5
,33.20,2.57,85.2
,33.26,2.42,80.5
,33.32,2.28,75.9
,33.35,2.15,71.6
,33.44,2.03,67.7
,33.47,1.91,63.9
,33.47,1.81,60.5
,33.53,1.71,57.2
,33.55,1.61,54.1
,33.55,1.52,51.1
,33.61,1.44,48.3
,33.67,1.36,45.8
,33.67,1.29,43.4
,33.70,1.22,41.0
,33.67,1.15,38.7
,33.70,1.09,36.7
,33.70,1.04,34.9
,33.76,0.98,33.0
,33.76,0.93,31.3
,33.79,0.87,29.6
,33.82,0.83,28.1
,33.82,0.79,26.6
,33.82,0.75,25.3
,33.82,0.71,23.9
,33.85,0.67,22.7
,33.88,0.64,21.6
,33.85,0.60,20.5
,33.88,0.57,19.4
,33.94,0.54,18.4
,33.94,0.52,17.5
,33.87,0.49,16.7
,33.90,0.46,15.7
,33.93,0.44,15.0
,33.93,0.42,14.2
,33.93,0.40,13.5
,33.96,0.38,12.8
,33.93,0.35,12.0
,33.96,0.33,11.4
,33.99,0.31,10.7
,33.96,0.30,10.2
,33.99,0.29,9.8
,33.99,0.27,9.2
,33.96,0.26,8.9
,33.99,0.25,8.6
,33.99,0.24,8.2
,33.99,0.23,7.7
,,,
Inv1-S3-Module16 11-4-2022 11-52 AM (GMT+5).csv,5.90,18.02,106.4
,7.44,17.99,133.8
,8.32,17.99,149.8
,9.27,17.99,166.8
,10.16,17.98,182.7
,11.08,17.97,199.1
,12.00,17.96,215.5
,12.89,17.96,231.4
,13.80,17.95,247.7
,14.69,17.95,263.7
,15.52,17.94,278.4
,16.44,17.93,294.7
,17.36,17.91,310.9
,18.27,17.90,327.2
,19.19,17.88,343.2
,20.02,17.88,357.8
,20.91,17.86,373.3
,21.76,17.83,388.1
,22.59,17.78,401.6
,23.41,17.60,412.0
,24.14,17.36,419.1
,24.84,17.04,423.3
,25.48,16.64,424.1
,26.15,16.17,422.8
,26.69,15.63,417.2
,27.23,15.04,409.6
,27.71,14.41,399.3
,28.16,13.75,387.1
,28.64,13.07,374.3
,29.00,12.39,359.2
,29.33,11.71,343.6
,29.65,11.05,327.8
,29.98,10.41,312.1
,30.31,9.79,296.8
,30.58,9.20,281.2
,30.81,8.63,265.9
,31.05,8.09,251.2
,31.22,7.58,236.7
,31.46,7.10,223.4
,31.58,6.65,210.1
,31.82,6.23,198.1
,31.90,5.83,186.0
,32.08,5.46,175.1
,32.20,5.11,164.6
,32.32,4.79,154.7
,32.43,4.49,145.6
,32.55,4.21,137.0
,32.58,3.95,128.6
,32.76,3.70,121.3
,32.82,3.48,114.1
,32.87,3.26,107.3
,32.90,3.07,101.1
,33.02,2.88,95.2
,33.08,2.72,89.9
,33.14,2.56,84.9
,33.14,2.41,79.9
,33.20,2.27,75.4
,33.26,2.14,71.3
,33.32,2.02,67.4
,33.34,1.91,63.6
,33.40,1.80,60.2
,33.37,1.70,56.9
,33.46,1.61,53.9
,33.49,1.52,51.0
,33.52,1.44,48.2
,33.55,1.36,45.6
,33.55,1.29,43.2
,33.58,1.22,40.9
,33.55,1.15,38.7
,33.64,1.09,36.7
,33.61,1.03,34.7
,33.67,0.98,33.0
,33.67,0.93,31.1
,33.70,0.88,29.5
,33.70,0.83,28.0
,33.76,0.79,26.7
,33.73,0.75,25.2
,33.76,0.71,23.9
,33.72,0.67,22.6
,33.75,0.64,21.6
,33.78,0.60,20.4
,33.78,0.57,19.4
,33.78,0.54,18.4
,33.78,0.52,17.5
,33.81,0.50,16.8
,33.81,0.47,15.9
,33.81,0.45,15.1
,33.87,0.42,14.3
,33.81,0.40,13.5
,33.84,0.38,12.8
,33.87,0.36,12.2
,33.84,0.34,11.5
,33.87,0.32,10.7
,33.87,0.30,10.3
,33.87,0.29,9.8
,33.90,0.27,9.3
,33.87,0.26,8.9
,33.87,0.25,8.5
,33.90,0.24,8.2
,33.90,0.23,7.8
,,,
Inv1-S3-Module17 11-4-2022 11-39 AM (GMT+5).csv,5.40,17.27,93.3
,6.81,17.24,117.4
,7.76,17.23,133.7
,8.65,17.22,148.9
,9.51,17.21,163.6
,10.42,17.20,179.3
,11.31,17.20,194.5
,12.23,17.19,210.2
,13.18,17.18,226.5
,14.04,17.18,241.1
,14.96,17.17,256.8
,15.87,17.17,272.5
,16.70,17.15,286.5
,17.59,17.14,301.5
,18.54,17.14,317.7
,19.40,17.13,332.3
,20.25,17.13,346.8
,21.20,17.11,362.8
,22.06,17.09,377.0
,22.85,17.05,389.7
,23.65,16.92,400.2
,24.41,16.67,406.9
,25.08,16.34,409.8
,25.78,15.94,411.0
,26.35,15.47,407.6
,26.96,14.92,402.3
,27.47,14.33,393.6
,27.92,13.70,382.4
,28.40,13.04,370.3
,28.85,12.37,356.9
,29.24,11.70,342.1
,29.56,11.04,326.4
,29.92,10.39,310.8
,30.22,9.76,294.9
,30.48,9.15,279.0
,30.72,8.57,263.3
,30.99,8.02,248.7
,31.19,7.50,234.1
,31.43,7.01,220.4
,31.58,6.56,207.0
,31.72,6.12,194.2
,31.87,5.72,182.2
,31.99,5.34,170.8
,32.17,4.99,160.4
,32.28,4.66,150.4
,32.40,4.36,141.2
,32.52,4.07,132.4
,32.58,3.81,124.2
,32.67,3.57,116.5
,32.78,3.34,109.6
,32.84,3.13,102.9
,32.90,2.93,96.5
,33.02,2.75,91.0
,33.05,2.59,85.5
,33.05,2.43,80.3
,33.11,2.29,75.7
,33.20,2.15,71.4
,33.22,2.02,67.2
,33.25,1.90,63.3
,33.31,1.79,59.7
,33.34,1.69,56.3
,33.34,1.59,53.0
,33.43,1.50,50.1
,33.46,1.41,47.3
,33.49,1.33,44.7
,33.52,1.26,42.2
,33.52,1.19,39.9
,33.55,1.12,37.6
,33.58,1.06,35.5
,33.58,1.00,33.5
,33.58,0.94,31.7
,33.60,0.89,30.0
,33.60,0.84,28.2
,33.63,0.80,26.8
,33.66,0.75,25.4
,33.69,0.71,24.0
,33.66,0.68,22.7
,33.72,0.64,21.6
,33.72,0.60,20.4
,33.72,0.57,19.3
,33.69,0.54,18.2
,33.72,0.51,17.3
,33.72,0.49,16.4
,33.75,0.46,15.6
,33.75,0.44,14.7
,33.78,0.41,14.0
,33.78,0.39,13.1
,33.81,0.37,12.5
,33.81,0.35,11.7
,33.78,0.32,11.0
,33.78,0.31,10.4
,33.78,0.29,9.9
,33.81,0.28,9.4
,33.81,0.26,8.9
,33.81,0.25,8.5
,33.84,0.24,8.2
,33.81,0.23,7.9
,33.87,0.22,7.4
,33.81,0.21,7.0
,33.81,0.19,6.4
,,,
Inv1-S3-Module18 11-4-2022 11-38 AM (GMT+5).csv,5.44,17.63,95.9
,6.82,17.61,120.1
,7.80,17.60,137.2
,8.62,17.59,151.7
,9.51,17.59,167.3
,10.43,17.57,183.3
,11.29,17.57,198.3
,12.18,17.56,213.8
,13.06,17.55,229.3
,13.95,17.54,244.7
,14.81,17.53,259.5
,15.70,17.51,274.8
,16.58,17.50,290.2
,17.41,17.48,304.4
,18.33,17.47,320.2
,19.19,17.45,334.9
,20.01,17.44,349.1
,20.93,17.42,364.7
,21.76,17.39,378.4
,22.52,17.29,389.5
,23.22,17.09,396.9
,23.92,16.82,402.3
,24.65,16.46,405.8
,25.26,16.03,404.9
,25.83,15.54,401.3
,26.41,14.98,395.5
,26.92,14.38,387.0
,27.37,13.75,376.3
,27.76,13.10,363.5
,28.17,12.44,350.4
,28.56,11.78,336.4
,28.89,11.13,321.4
,29.22,10.49,306.5
,29.51,9.87,291.4
,29.81,9.28,276.7
,30.05,8.72,262.0
,30.25,8.18,247.4
,30.49,7.67,233.8
,30.70,7.19,220.6
,30.88,6.73,207.8
,31.02,6.30,195.6
,31.17,5.90,184.0
,31.35,5.53,173.3
,31.46,5.18,162.9
,31.58,4.85,153.3
,31.64,4.55,143.8
,31.79,4.26,135.6
,31.91,4.00,127.6
,31.96,3.75,119.9
,32.05,3.52,112.9
,32.11,3.31,106.2
,32.20,3.11,100.1
,32.26,2.92,94.3
,32.32,2.75,88.9
,32.37,2.59,83.9
,32.43,2.44,79.0
,32.46,2.30,74.7
,32.52,2.17,70.5
,32.55,2.05,66.6
,32.58,1.93,62.8
,32.64,1.82,59.4
,32.64,1.72,56.2
,32.73,1.62,53.2
,32.79,1.54,50.4
,32.82,1.45,47.6
,32.79,1.37,45.0
,32.85,1.30,42.6
,32.84,1.23,40.4
,32.87,1.16,38.2
,32.90,1.10,36.1
,32.96,1.04,34.2
,32.93,0.98,32.4
,32.96,0.93,30.6
,32.99,0.88,29.2
,32.99,0.83,27.5
,33.02,0.79,26.2
,32.99,0.75,24.7
,33.02,0.71,23.5
,33.02,0.68,22.4
,33.05,0.64,21.2
,33.05,0.61,20.0
,33.08,0.58,19.1
,33.08,0.55,18.1
,33.11,0.52,17.1
,33.11,0.50,16.4
,33.11,0.47,15.5
,33.11,0.44,14.7
,33.17,0.42,13.8
,33.14,0.40,13.3
,33.14,0.38,12.5
,33.14,0.35,11.8
,33.11,0.34,11.1
,33.17,0.31,10.4
,33.20,0.30,10.0
,33.20,0.29,9.6
,33.20,0.27,9.1
,33.17,0.26,8.8
,33.17,0.25,8.4
,33.20,0.24,8.0
,33.20,0.23,7.6
,,,
Inv1-S3-Module19 11-4-2022 11-40 AM (GMT+5).csv,5.53,17.53,96.9
,6.91,17.47,120.7
,7.86,17.45,137.1
,8.74,17.45,152.5
,9.66,17.44,168.5
,10.55,17.43,183.9
,11.41,17.43,198.8
,12.33,17.43,214.8
,13.21,17.43,230.3
,14.07,17.42,245.1
,14.96,17.42,260.6
,15.88,17.42,276.5
,16.67,17.41,290.3
,17.59,17.40,306.0
,18.45,17.38,320.6
,19.31,17.35,334.9
,20.19,17.32,349.7
,21.08,17.29,364.6
,21.88,17.26,377.6
,22.73,17.18,390.7
,23.44,17.01,398.7
,24.17,16.74,404.6
,24.87,16.40,407.8
,25.47,15.99,407.3
,26.05,15.51,403.9
,26.68,14.97,399.3
,27.16,14.37,390.3
,27.61,13.75,379.6
,28.09,13.10,367.9
,28.48,12.44,354.2
,28.84,11.78,339.6
,29.23,11.12,325.0
,29.52,10.48,309.5
,29.79,9.86,293.7
,30.06,9.27,278.5
,30.35,8.69,263.9
,30.56,8.15,249.1
,30.80,7.64,235.2
,30.97,7.15,221.3
,31.18,6.69,208.7
,31.39,6.26,196.5
,31.51,5.86,184.5
,31.65,5.48,173.5
,31.80,5.13,163.1
,31.89,4.80,153.0
,32.01,4.49,143.8
,32.09,4.21,135.1
,32.21,3.94,127.0
,32.30,3.70,119.4
,32.42,3.47,112.4
,32.48,3.25,105.6
,32.53,3.06,99.4
,32.56,2.87,93.4
,32.62,2.70,88.1
,32.68,2.54,83.0
,32.74,2.39,78.2
,32.80,2.25,73.7
,32.83,2.12,69.7
,32.92,2.00,65.7
,32.92,1.88,62.0
,32.98,1.78,58.5
,32.97,1.68,55.3
,33.03,1.58,52.3
,33.06,1.50,49.4
,33.09,1.41,46.7
,33.09,1.33,44.1
,33.15,1.26,41.8
,33.18,1.19,39.5
,33.24,1.13,37.4
,33.21,1.07,35.4
,33.21,1.01,33.5
,33.24,0.95,31.7
,33.24,0.90,29.9
,33.27,0.85,28.4
,33.27,0.81,26.8
,33.27,0.77,25.5
,33.33,0.73,24.2
,33.33,0.69,22.8
,33.33,0.65,21.7
,33.36,0.62,20.6
,33.39,0.58,19.5
,33.35,0.55,18.5
,33.39,0.53,17.6
,33.38,0.50,16.7
,33.38,0.47,15.7
,33.45,0.45,15.0
,33.41,0.42,14.1
,33.41,0.40,13.5
,33.44,0.38,12.7
,33.44,0.36,12.1
,33.47,0.34,11.3
,33.44,0.31,10.5
,33.44,0.30,10.1
,33.47,0.29,9.7
,33.47,0.27,9.2
,33.50,0.27,8.9
,33.50,0.25,8.4
,33.47,0.24,8.0
,33.47,0.23,7.7
,33.50,0.22,7.4
,,,
Inv1-S3-Module2 11-4-2022 11-42 AM (GMT+5).csv,5.87,17.89,105.0
,7.43,17.85,132.7
,8.35,17.84,149.0
,9.21,17.83,164.2
,10.13,17.82,180.5
,11.08,17.82,197.3
,12.00,17.81,213.7
,12.85,17.81,228.9
,13.77,17.81,245.3
,14.66,17.81,261.0
,15.55,17.80,276.7
,16.43,17.78,292.3
,17.35,17.76,308.2
,18.24,17.73,323.5
,19.10,17.72,338.3
,20.02,17.70,354.2
,20.90,17.68,369.6
,21.79,17.66,384.9
,22.62,17.63,398.6
,23.41,17.47,409.0
,24.17,17.25,417.1
,24.90,16.96,422.5
,25.57,16.60,424.4
,26.18,16.15,422.8
,26.75,15.64,418.4
,27.33,15.07,411.7
,27.78,14.45,401.4
,28.29,13.80,390.4
,28.71,13.13,376.9
,29.09,12.45,362.3
,29.51,11.78,347.6
,29.84,11.11,331.4
,30.17,10.46,315.5
,30.46,9.83,299.5
,30.70,9.23,283.3
,30.97,8.65,268.0
,31.20,8.11,252.9
,31.38,7.59,238.2
,31.59,7.10,224.2
,31.73,6.64,210.8
,31.91,6.21,198.2
,32.09,5.81,186.4
,32.20,5.43,174.9
,32.38,5.08,164.5
,32.47,4.76,154.5
,32.59,4.45,145.0
,32.67,4.17,136.1
,32.79,3.90,127.9
,32.85,3.66,120.2
,32.91,3.43,112.9
,33.03,3.22,106.3
,33.06,3.02,99.9
,33.17,2.84,94.2
,33.23,2.67,88.7
,33.23,2.51,83.4
,33.26,2.36,78.6
,33.38,2.22,74.3
,33.38,2.10,70.0
,33.41,1.97,65.9
,33.44,1.86,62.3
,33.50,1.76,58.9
,33.52,1.66,55.6
,33.55,1.57,52.5
,33.64,1.48,49.7
,33.64,1.39,46.9
,33.64,1.32,44.3
,33.70,1.24,41.9
,33.70,1.18,39.7
,33.70,1.11,37.5
,33.76,1.05,35.5
,33.76,1.00,33.6
,33.76,0.94,31.8
,33.79,0.89,30.1
,33.79,0.84,28.5
,33.85,0.80,26.9
,33.82,0.76,25.6
,33.85,0.72,24.2
,33.85,0.68,23.0
,33.88,0.64,21.8
,33.85,0.61,20.7
,33.88,0.58,19.6
,33.88,0.55,18.6
,33.94,0.52,17.6
,33.91,0.49,16.7
,33.90,0.47,15.9
,33.93,0.44,15.0
,34.00,0.42,14.2
,33.96,0.40,13.5
,33.96,0.37,12.7
,33.99,0.35,12.1
,33.96,0.33,11.4
,33.96,0.31,10.6
,33.99,0.30,10.2
,33.99,0.28,9.7
,33.96,0.27,9.3
,33.99,0.26,8.8
,33.99,0.25,8.4
,33.99,0.24,8.2
,33.99,0.23,7.7
,34.02,0.22,7.4
,,,
Inv1-S3-Module20 11-4-2022 11-39 AM (GMT+5).csv,5.49,17.20,94.5
,6.87,17.19,118.1
,7.79,17.19,133.9
,8.65,17.18,148.6
,9.57,17.17,164.3
,10.42,17.17,178.9
,11.34,17.16,194.6
,12.23,17.15,209.7
,13.12,17.14,224.9
,13.98,17.14,239.5
,14.89,17.13,255.2
,15.75,17.13,269.8
,16.64,17.11,284.7
,17.53,17.09,299.6
,18.38,17.06,313.7
,19.24,17.04,327.9
,20.13,17.02,342.6
,20.96,17.01,356.4
,21.81,16.99,370.5
,22.61,16.90,382.1
,23.37,16.75,391.5
,24.07,16.48,396.7
,24.68,16.13,398.0
,25.38,15.70,398.3
,25.95,15.20,394.4
,26.46,14.64,387.5
,27.00,14.05,379.3
,27.48,13.42,368.7
,27.84,12.76,355.4
,28.26,12.11,342.2
,28.62,11.45,327.6
,29.01,10.80,313.4
,29.30,10.18,298.2
,29.60,9.56,283.1
,29.87,8.98,268.2
,30.10,8.42,253.5
,30.34,7.89,239.4
,30.58,7.39,226.0
,30.76,6.92,212.8
,30.96,6.47,200.4
,31.14,6.06,188.6
,31.29,5.66,177.2
,31.44,5.30,166.5
,31.52,4.96,156.3
,31.64,4.64,146.9
,31.79,4.34,138.1
,31.82,4.07,129.5
,31.93,3.81,121.8
,32.02,3.58,114.5
,32.11,3.36,107.7
,32.20,3.15,101.3
,32.26,2.96,95.4
,32.32,2.78,89.8
,32.38,2.61,84.6
,32.40,2.46,79.6
,32.52,2.31,75.2
,32.52,2.18,70.8
,32.55,2.05,66.8
,32.61,1.93,63.0
,32.64,1.82,59.5
,32.70,1.72,56.2
,32.73,1.62,53.2
,32.79,1.53,50.3
,32.82,1.44,47.4
,32.79,1.37,44.8
,32.85,1.29,42.4
,32.84,1.22,39.9
,32.90,1.15,37.9
,32.87,1.09,35.8
,32.93,1.03,33.8
,32.96,0.97,32.1
,32.96,0.92,30.4
,33.02,0.87,28.7
,32.99,0.82,27.1
,32.99,0.78,25.7
,33.02,0.74,24.4
,33.02,0.70,23.1
,33.05,0.66,21.8
,33.05,0.63,20.8
,33.05,0.59,19.6
,33.11,0.56,18.5
,33.08,0.53,17.6
,33.14,0.51,16.8
,33.11,0.48,15.9
,33.14,0.46,15.1
,33.14,0.43,14.2
,33.14,0.41,13.5
,33.14,0.39,12.8
,33.14,0.36,12.1
,33.17,0.34,11.4
,33.20,0.32,10.7
,33.17,0.31,10.2
,33.20,0.29,9.7
,33.20,0.28,9.2
,33.20,0.27,8.8
,33.20,0.25,8.4
,33.23,0.24,8.0
,33.20,0.23,7.7
,33.20,0.22,7.4
,33.23,0.21,7.0
,,,
Inv1-S3-Module21 11-4-2022 11-54 AM (GMT+5).csv,4.65,15.99,74.3
,6.21,15.97,99.2
,7.10,15.96,113.3
,7.96,15.95,126.9
,8.87,15.95,141.5
,9.73,15.95,155.2
,10.65,15.94,169.8
,11.57,15.93,184.3
,12.46,15.93,198.5
,13.31,15.93,212.1
,14.20,15.93,226.2
,15.15,15.92,241.2
,16.01,15.92,254.8
,16.90,15.91,268.8
,17.78,15.90,282.9
,18.70,15.90,297.4
,19.56,15.89,310.9
,20.45,15.88,324.8
,21.37,15.87,339.0
,22.16,15.84,351.0
,23.02,15.78,363.2
,23.84,15.65,373.2
,24.54,15.44,378.9
,25.24,15.15,382.5
,25.97,14.79,384.2
,26.58,14.35,381.5
,27.19,13.85,376.5
,27.73,13.29,368.6
,28.21,12.69,358.1
,28.66,12.07,345.8
,29.11,11.43,332.6
,29.50,10.78,318.0
,29.82,10.14,302.4
,30.15,9.52,286.9
,30.45,8.91,271.4
,30.72,8.33,255.8
,30.98,7.78,240.9
,31.22,7.25,226.4
,31.46,6.76,212.6
,31.57,6.30,198.8
,31.78,5.86,186.2
,31.93,5.46,174.2
,32.08,5.08,163.0
,32.22,4.73,152.5
,32.34,4.40,142.4
,32.46,4.10,133.2
,32.55,3.82,124.4
,32.63,3.56,116.3
,32.75,3.33,109.0
,32.81,3.11,102.0
,32.87,2.90,95.3
,32.96,2.71,89.3
,33.02,2.54,83.8
,33.08,2.37,78.5
,33.10,2.23,73.7
,33.16,2.08,69.1
,33.22,1.95,64.9
,33.25,1.83,61.0
,33.28,1.72,57.3
,33.37,1.61,53.9
,33.40,1.52,50.8
,33.40,1.43,47.7
,33.46,1.34,44.8
,33.46,1.26,42.2
,33.52,1.18,39.6
,33.52,1.11,37.4
,33.55,1.05,35.1
,33.51,0.99,33.1
,33.57,0.93,31.2
,33.60,0.87,29.3
,33.63,0.82,27.6
,33.63,0.77,26.0
,33.63,0.73,24.6
,33.66,0.69,23.2
,33.69,0.65,21.9
,33.69,0.61,20.7
,33.72,0.58,19.4
,33.69,0.55,18.4
,33.69,0.52,17.4
,33.72,0.49,16.4
,33.72,0.46,15.5
,33.72,0.43,14.5
,33.75,0.41,13.7
,33.78,0.38,13.0
,33.78,0.36,12.2
,33.75,0.34,11.4
,33.78,0.31,10.6
,33.78,0.30,10.1
,33.81,0.28,9.6
,33.81,0.27,9.2
,33.78,0.26,8.7
,33.81,0.25,8.3
,33.78,0.23,7.9
,33.78,0.22,7.5
,33.81,0.21,7.2
,33.87,0.19,6.5
,33.81,0.18,6.2
,33.81,0.18,6.1
,33.81,0.18,6.1
,33.84,0.18,6.1
,,,
Inv1-S3-Module22 11-4-2022 11-54 AM (GMT+5).csv,4.58,15.64,71.7
,6.14,15.63,96.1
,7.03,15.63,109.9
,7.86,15.62,122.8
,8.78,15.62,137.1
,9.67,15.61,150.9
,10.52,15.61,164.2
,11.41,15.60,178.0
,12.27,15.60,191.3
,13.16,15.59,205.1
,14.07,15.59,219.4
,14.93,15.58,232.7
,15.76,15.58,245.5
,16.59,15.57,258.2
,17.53,15.55,272.7
,18.39,15.53,285.5
,19.25,15.51,298.5
,20.11,15.50,311.5
,20.96,15.49,324.6
,21.82,15.48,337.7
,22.65,15.45,349.9
,23.38,15.33,358.3
,24.14,15.09,364.3
,24.81,14.79,366.8
,25.45,14.40,366.4
,26.05,13.94,363.3
,26.60,13.42,357.0
,27.11,12.86,348.5
,27.65,12.25,338.8
,28.01,11.63,325.8
,28.46,11.00,313.0
,28.82,10.37,298.7
,29.11,9.74,283.7
,29.47,9.14,269.4
,29.77,8.56,254.7
,29.98,8.00,239.9
,30.24,7.47,226.0
,30.51,6.97,212.7
,30.72,6.50,199.6
,30.87,6.06,187.0
,31.04,5.65,175.3
,31.19,5.26,164.1
,31.37,4.90,153.7
,31.42,4.57,143.6
,31.57,4.26,134.5
,31.69,3.97,125.9
,31.75,3.70,117.6
,31.90,3.46,110.3
,31.96,3.23,103.2
,32.04,3.02,96.7
,32.10,2.82,90.6
,32.16,2.64,85.0
,32.25,2.47,79.7
,32.28,2.32,74.7
,32.31,2.17,70.3
,32.40,2.04,65.9
,32.46,1.91,62.1
,32.49,1.79,58.3
,32.55,1.68,54.8
,32.57,1.58,51.5
,32.57,1.49,48.4
,32.63,1.40,45.7
,32.69,1.31,43.0
,32.69,1.24,40.5
,32.72,1.16,38.0
,32.75,1.09,35.8
,32.72,1.03,33.8
,32.78,0.97,31.8
,32.78,0.91,30.0
,32.81,0.86,28.2
,32.84,0.81,26.6
,32.84,0.77,25.1
,32.87,0.72,23.6
,32.87,0.68,22.3
,32.87,0.64,21.1
,32.93,0.60,19.8
,32.93,0.57,18.8
,32.93,0.54,17.7
,32.93,0.51,16.7
,32.96,0.48,15.8
,32.92,0.45,14.9
,32.95,0.43,14.1
,32.99,0.40,13.3
,32.98,0.38,12.5
,33.02,0.36,11.8
,33.01,0.33,11.0
,33.01,0.31,10.2
,32.98,0.30,9.8
,32.98,0.28,9.2
,33.01,0.27,8.8
,33.01,0.25,8.4
,33.04,0.24,8.0
,33.04,0.23,7.6
,33.01,0.22,7.3
,33.04,0.21,6.8
,33.01,0.19,6.1
,33.04,0.18,6.1
,33.04,0.18,6.0
,33.01,0.18,6.0
,33.04,0.18,5.9
,,,
Inv1-S3-Module23 11-4-2022 11-56 AM (GMT+5).csv,5.70,18.37,104.6
,7.07,18.35,129.8
,7.96,18.35,146.1
,8.85,18.35,162.4
,9.80,18.34,179.7
,10.72,18.34,196.6
,11.60,18.34,212.8
,12.52,18.34,229.6
,13.38,18.34,245.4
,14.33,18.33,262.7
,15.19,18.33,278.4
,16.11,18.33,295.2
,17.06,18.32,312.5
,17.94,18.31,328.6
,18.83,18.31,344.7
,19.75,18.30,361.4
,20.64,18.29,377.5
,21.49,18.27,392.8
,22.32,18.21,406.4
,23.11,18.08,417.8
,23.91,17.87,427.3
,24.61,17.59,432.8
,25.34,17.23,436.5
,25.91,16.79,434.9
,26.55,16.27,431.9
,27.12,15.69,425.6
,27.63,15.07,416.4
,28.05,14.40,404.0
,28.53,13.72,391.4
,28.92,13.03,376.8
,29.34,12.33,361.7
,29.69,11.65,345.8
,29.96,10.98,328.9
,30.29,10.33,312.9
,30.58,9.71,296.8
,30.82,9.11,280.8
,31.02,8.54,265.0
,31.29,8.01,250.5
,31.50,7.50,236.2
,31.61,7.02,221.9
,31.82,6.57,209.2
,31.97,6.15,196.7
,32.15,5.76,185.2
,32.26,5.39,174.0
,32.38,5.05,163.5
,32.47,4.73,153.6
,32.56,4.44,144.4
,32.64,4.16,135.6
,32.76,3.90,127.6
,32.82,3.66,120.2
,32.97,3.43,113.2
,33.00,3.23,106.5
,33.09,3.03,100.4
,33.14,2.86,94.6
,33.17,2.69,89.2
,33.26,2.53,84.3
,33.29,2.39,79.4
,33.35,2.25,75.0
,33.41,2.12,71.0
,33.44,2.00,66.9
,33.47,1.89,63.3
,33.50,1.79,59.9
,33.56,1.69,56.6
,33.52,1.60,53.5
,33.55,1.51,50.6
,33.61,1.43,48.0
,33.64,1.35,45.3
,33.64,1.28,43.0
,33.70,1.21,40.8
,33.70,1.14,38.6
,33.73,1.08,36.6
,33.76,1.03,34.7
,33.76,0.97,32.9
,33.79,0.92,31.1
,33.79,0.87,29.6
,33.79,0.83,28.0
,33.82,0.78,26.5
,33.82,0.75,25.3
,33.88,0.71,24.0
,33.88,0.67,22.7
,33.85,0.64,21.6
,33.88,0.61,20.5
,33.88,0.57,19.4
,33.88,0.55,18.5
,33.91,0.52,17.6
,33.94,0.49,16.7
,33.94,0.47,15.9
,33.93,0.44,15.0
,34.00,0.42,14.3
,33.93,0.40,13.6
,33.96,0.38,12.8
,33.96,0.36,12.3
,33.99,0.34,11.5
,33.96,0.32,10.8
,33.99,0.30,10.2
,33.93,0.29,9.8
,33.93,0.28,9.4
,33.99,0.26,8.9
,33.99,0.25,8.6
,33.99,0.24,8.3
,,,
Inv1-S3-Module24 11-4-2022 11-57 AM (GMT+5).csv,5.69,18.06,102.8
,7.16,18.04,129.2
,8.05,18.03,145.1
,8.97,18.03,161.7
,9.89,18.02,178.2
,10.77,18.02,194.2
,11.66,18.02,210.1
,12.52,18.01,225.5
,13.41,18.01,241.5
,14.29,18.01,257.4
,15.21,18.00,273.8
,16.13,17.99,290.2
,16.99,17.99,305.6
,17.88,17.98,321.4
,18.76,17.98,337.4
,19.65,17.97,353.2
,20.51,17.96,368.3
,21.40,17.93,383.7
,22.19,17.87,396.7
,22.99,17.72,407.3
,23.72,17.51,415.2
,24.42,17.21,420.3
,25.12,16.85,423.2
,25.72,16.40,421.9
,26.33,15.89,418.3
,26.87,15.31,411.4
,27.32,14.70,401.5
,27.83,14.05,390.9
,28.25,13.37,377.8
,28.67,12.70,364.0
,29.03,12.02,348.9
,29.38,11.35,333.6
,29.68,10.70,317.6
,29.98,10.07,302.0
,30.24,9.47,286.3
,30.51,8.89,271.2
,30.75,8.34,256.4
,30.98,7.82,242.2
,31.16,7.32,228.2
,31.31,6.86,214.7
,31.51,6.42,202.5
,31.63,6.02,190.3
,31.75,5.64,178.9
,31.93,5.28,168.5
,32.01,4.95,158.4
,32.10,4.64,148.9
,32.25,4.34,140.1
,32.34,4.08,131.8
,32.45,3.82,124.1
,32.54,3.60,117.0
,32.60,3.37,110.0
,32.66,3.17,103.5
,32.75,2.98,97.7
,32.81,2.81,92.1
,32.83,2.64,86.7
,32.89,2.49,82.0
,32.95,2.35,77.3
,33.04,2.21,73.1
,33.04,2.09,69.0
,33.10,1.97,65.3
,33.13,1.86,61.7
,33.16,1.76,58.3
,33.13,1.67,55.2
,33.22,1.57,52.2
,33.25,1.49,49.4
,33.28,1.41,46.8
,33.34,1.33,44.3
,33.33,1.26,42.0
,33.33,1.19,39.7
,33.36,1.13,37.7
,33.39,1.07,35.7
,33.36,1.01,33.8
,33.42,0.96,32.0
,33.45,0.91,30.4
,33.45,0.86,28.8
,33.45,0.82,27.3
,33.45,0.78,26.0
,33.48,0.74,24.7
,33.51,0.70,23.4
,33.51,0.66,22.2
,33.54,0.63,21.1
,33.54,0.60,20.1
,33.54,0.57,19.0
,33.57,0.54,18.1
,33.57,0.51,17.2
,33.57,0.49,16.3
,33.57,0.46,15.5
,33.57,0.44,14.8
,33.63,0.42,14.0
,33.63,0.39,13.3
,33.63,0.37,12.6
,33.60,0.35,11.9
,33.63,0.33,11.2
,33.63,0.31,10.6
,33.66,0.30,10.1
,33.63,0.28,9.6
,33.66,0.27,9.1
,33.66,0.26,8.8
,33.66,0.25,8.5
,33.69,0.24,8.1
,,,
Inv1-S3-Module25 11-4-2022 11-57 AM (GMT+5).csv,6.40,18.47,118.2
,7.66,18.44,141.2
,8.54,18.43,157.5
,9.43,18.43,173.8
,10.38,18.43,191.3
,11.30,18.43,208.2
,12.16,18.42,223.9
,13.08,18.41,240.7
,13.96,18.40,256.9
,14.85,18.40,273.2
,15.77,18.39,290.0
,16.63,18.38,305.6
,17.52,18.37,321.8
,18.40,18.36,337.8
,19.29,18.34,353.9
,20.18,18.33,369.9
,21.07,18.31,385.7
,21.89,18.27,400.0
,22.66,18.12,410.4
,23.48,17.90,420.4
,24.12,17.62,424.9
,24.88,17.26,429.4
,25.42,16.83,427.8
,26.03,16.32,424.8
,26.63,15.76,419.6
,27.14,15.15,411.2
,27.65,14.51,401.1
,28.04,13.84,388.2
,28.46,13.17,374.8
,28.88,12.49,360.8
,29.18,11.83,345.1
,29.53,11.17,330.0
,29.86,10.54,314.8
,30.10,9.93,298.9
,30.42,9.34,284.2
,30.63,8.78,269.1
,30.84,8.25,254.4
,31.04,7.75,240.5
,31.25,7.27,227.2
,31.43,6.82,214.5
,31.61,6.40,202.2
,31.72,6.00,190.4
,31.87,5.63,179.5
,32.02,5.28,169.2
,32.13,4.96,159.4
,32.25,4.65,150.1
,32.34,4.37,141.4
,32.46,4.11,133.4
,32.55,3.86,125.7
,32.60,3.63,118.4
,32.69,3.42,111.7
,32.78,3.21,105.4
,32.81,3.03,99.4
,32.87,2.85,93.8
,32.96,2.69,88.8
,33.02,2.54,83.9
,33.11,2.40,79.4
,33.07,2.26,74.9
,33.13,2.14,70.9
,33.22,2.03,67.3
,33.25,1.91,63.6
,33.22,1.81,60.1
,33.28,1.71,57.0
,33.34,1.62,54.1
,33.34,1.54,51.3
,33.37,1.46,48.6
,33.43,1.38,46.1
,33.46,1.30,43.6
,33.46,1.24,41.4
,33.46,1.17,39.2
,33.49,1.11,37.3
,33.55,1.06,35.4
,33.51,1.00,33.6
,33.54,0.95,31.8
,33.57,0.90,30.3
,33.57,0.85,28.7
,33.63,0.81,27.3
,33.63,0.77,26.0
,33.57,0.73,24.6
,33.63,0.70,23.5
,33.63,0.66,22.2
,33.69,0.63,21.3
,33.69,0.60,20.2
,33.69,0.57,19.1
,33.69,0.54,18.2
,33.66,0.52,17.4
,33.72,0.49,16.6
,33.72,0.47,15.7
,33.75,0.44,14.8
,33.75,0.42,14.3
,33.72,0.40,13.5
,33.75,0.38,12.7
,33.75,0.36,12.2
,33.78,0.34,11.4
,33.78,0.32,10.7
,33.78,0.30,10.3
,33.78,0.29,9.8
,33.81,0.28,9.5
,33.78,0.27,9.0
,33.75,0.26,8.6
,,,
Inv1-S3-Module26 11-4-2022 11-58 AM (GMT+5).csv,6.03,18.19,109.7
,7.50,18.19,136.4
,8.39,18.17,152.4
,9.28,18.17,168.5
,10.16,18.16,184.5
,11.05,18.13,200.4
,11.94,18.12,216.3
,12.83,18.11,232.3
,13.74,18.10,248.8
,14.60,18.09,264.2
,15.49,18.08,280.0
,16.38,18.07,296.0
,17.27,18.04,311.5
,18.12,18.01,326.4
,19.01,17.99,342.1
,19.93,17.97,358.2
,20.79,17.95,373.2
,21.67,17.94,388.7
,22.47,17.91,402.4
,23.29,17.78,414.2
,23.93,17.55,420.0
,24.69,17.24,425.6
,25.33,16.85,426.9
,26.00,16.39,426.2
,26.54,15.86,420.9
,27.08,15.27,413.7
,27.63,14.65,404.6
,28.01,13.99,392.0
,28.43,13.31,378.6
,28.85,12.64,364.6
,29.21,11.96,349.3
,29.54,11.29,333.6
,29.86,10.64,317.8
,30.13,10.02,301.8
,30.43,9.41,286.3
,30.69,8.84,271.2
,30.93,8.29,256.4
,31.14,7.77,242.0
,31.31,7.28,228.1
,31.46,6.82,214.7
,31.64,6.39,202.1
,31.81,5.98,190.3
,31.90,5.61,178.8
,32.08,5.25,168.5
,32.16,4.92,158.3
,32.31,4.61,149.1
,32.37,4.32,140.0
,32.52,4.05,131.9
,32.58,3.81,124.0
,32.67,3.58,116.9
,32.75,3.36,110.1
,32.78,3.16,103.5
,32.90,2.97,97.7
,32.90,2.80,92.0
,32.99,2.63,86.8
,32.99,2.48,81.9
,33.11,2.34,77.4
,33.13,2.21,73.1
,33.19,2.08,69.1
,33.22,1.97,65.3
,33.25,1.86,61.8
,33.28,1.76,58.4
,33.34,1.66,55.4
,33.37,1.57,52.3
,33.37,1.49,49.6
,33.37,1.40,46.8
,33.43,1.33,44.5
,33.46,1.26,42.1
,33.46,1.19,39.8
,33.49,1.13,37.8
,33.49,1.07,35.8
,33.51,1.02,34.0
,33.54,0.96,32.2
,33.57,0.91,30.5
,33.60,0.86,28.9
,33.57,0.82,27.5
,33.60,0.77,26.0
,33.63,0.74,24.7
,33.63,0.70,23.5
,33.60,0.66,22.2
,33.63,0.63,21.2
,33.66,0.60,20.1
,33.69,0.57,19.1
,33.69,0.54,18.1
,33.72,0.51,17.3
,33.72,0.49,16.4
,33.72,0.46,15.6
,33.69,0.44,14.8
,33.72,0.42,14.1
,33.75,0.40,13.4
,33.72,0.37,12.6
,33.72,0.35,11.9
,33.75,0.33,11.2
,33.75,0.31,10.5
,33.78,0.30,10.2
,33.78,0.29,9.7
,33.75,0.27,9.2
,33.78,0.26,8.9
,33.75,0.25,8.4
,33.78,0.24,8.1
,,,
Inv1-S3-Module27 11-4-2022 11-58 AM (GMT+5).csv,5.97,18.08,107.9
,7.50,18.06,135.4
,8.35,18.04,150.7
,9.24,18.02,166.6
,10.19,18.01,183.6
,11.11,18.00,200.0
,12.00,18.00,215.9
,12.86,17.99,231.2
,13.77,17.98,247.6
,14.69,17.96,263.9
,15.58,17.95,279.7
,16.44,17.95,295.0
,17.36,17.93,311.3
,18.24,17.92,326.8
,19.13,17.90,342.4
,19.99,17.88,357.4
,20.91,17.87,373.6
,21.83,17.86,389.7
,22.62,17.81,402.8
,23.45,17.67,414.4
,24.08,17.43,419.8
,24.78,17.12,424.2
,25.45,16.72,425.5
,26.12,16.25,424.5
,26.69,15.71,419.5
,27.23,15.12,411.9
,27.72,14.49,401.7
,28.16,13.83,389.6
,28.58,13.16,376.1
,28.97,12.48,361.5
,29.36,11.80,346.5
,29.69,11.14,330.7
,30.04,10.49,315.3
,30.31,9.87,299.1
,30.52,9.27,282.9
,30.78,8.70,267.8
,31.02,8.16,253.0
,31.23,7.64,238.7
,31.40,7.16,224.8
,31.58,6.71,211.8
,31.73,6.28,199.2
,31.93,5.87,187.6
,32.08,5.50,176.4
,32.20,5.15,165.9
,32.29,4.83,155.8
,32.43,4.52,146.6
,32.52,4.24,137.8
,32.61,3.97,129.5
,32.67,3.73,121.8
,32.79,3.50,114.7
,32.88,3.29,108.1
,32.93,3.09,101.7
,32.99,2.90,95.8
,33.05,2.73,90.3
,33.11,2.58,85.3
,33.14,2.42,80.3
,33.26,2.29,76.0
,33.26,2.16,71.7
,33.29,2.03,67.7
,33.34,1.92,64.0
,33.34,1.81,60.4
,33.40,1.71,57.2
,33.40,1.62,54.1
,33.46,1.53,51.2
,33.52,1.44,48.4
,33.49,1.36,45.7
,33.52,1.29,43.4
,33.58,1.22,41.1
,33.55,1.16,38.9
,33.58,1.10,36.8
,33.61,1.04,34.9
,33.67,0.98,33.0
,33.67,0.93,31.2
,33.67,0.88,29.7
,33.73,0.83,28.1
,33.70,0.79,26.6
,33.73,0.75,25.4
,33.79,0.71,24.0
,33.79,0.68,22.8
,33.72,0.64,21.7
,33.78,0.61,20.6
,33.78,0.58,19.5
,33.81,0.55,18.5
,33.75,0.52,17.5
,33.81,0.49,16.7
,33.78,0.47,15.9
,33.81,0.45,15.1
,33.84,0.42,14.3
,33.84,0.40,13.6
,33.84,0.38,12.8
,33.84,0.36,12.1
,33.87,0.34,11.6
,33.87,0.32,10.7
,33.87,0.30,10.2
,33.84,0.29,9.8
,33.84,0.28,9.3
,33.87,0.26,8.9
,33.87,0.25,8.6
,33.90,0.24,8.2
,33.90,0.23,7.9
,,,
Inv1-S3-Module28 11-4-2022 11-59 AM (GMT+5).csv,6.15,18.16,111.7
,7.50,18.15,136.1
,8.39,18.14,152.1
,9.34,18.13,169.3
,10.22,18.13,185.4
,11.17,18.13,202.5
,12.03,18.12,218.0
,12.92,18.12,234.1
,13.84,18.12,250.7
,14.72,18.12,266.7
,15.61,18.11,282.8
,16.53,18.11,299.3
,17.42,18.10,315.3
,18.31,18.10,331.3
,19.23,18.09,347.8
,20.08,18.08,363.1
,20.97,18.07,378.9
,21.80,18.03,393.1
,22.59,17.94,405.3
,23.42,17.76,415.9
,24.09,17.51,421.7
,24.82,17.18,426.4
,25.48,16.77,427.4
,26.15,16.29,426.0
,26.66,15.75,419.9
,27.24,15.14,412.5
,27.72,14.51,402.0
,28.16,13.84,389.8
,28.55,13.16,375.9
,28.97,12.48,361.5
,29.30,11.80,345.7
,29.66,11.13,330.2
,29.98,10.49,314.4
,30.28,9.86,298.7
,30.55,9.27,283.1
,30.72,8.70,267.1
,30.99,8.15,252.6
,31.16,7.64,238.2
,31.40,7.16,224.7
,31.52,6.70,211.3
,31.63,6.28,198.5
,31.84,5.88,187.1
,32.02,5.50,176.0
,32.14,5.16,165.7
,32.16,4.83,155.3
,32.34,4.52,146.3
,32.46,4.24,137.6
,32.55,3.98,129.5
,32.61,3.73,121.8
,32.69,3.50,114.6
,32.75,3.29,107.9
,32.84,3.10,101.7
,32.90,2.91,95.7
,32.93,2.74,90.2
,33.02,2.59,85.4
,33.08,2.43,80.5
,33.11,2.29,75.9
,33.20,2.16,71.8
,33.19,2.04,67.7
,33.25,1.93,64.1
,33.25,1.82,60.4
,33.31,1.72,57.3
,33.34,1.63,54.2
,33.40,1.54,51.4
,33.37,1.45,48.5
,33.40,1.38,46.0
,33.46,1.30,43.6
,33.46,1.23,41.1
,33.52,1.17,39.1
,33.52,1.10,36.9
,33.52,1.04,35.0
,33.55,0.99,33.3
,33.54,0.94,31.4
,33.54,0.89,29.7
,33.60,0.84,28.2
,33.63,0.80,26.8
,33.60,0.76,25.4
,33.66,0.72,24.1
,33.63,0.68,22.8
,33.63,0.64,21.7
,33.66,0.61,20.7
,33.69,0.58,19.6
,33.69,0.55,18.6
,33.69,0.53,17.7
,33.72,0.50,16.9
,33.69,0.48,16.0
,33.69,0.45,15.1
,33.72,0.43,14.4
,33.72,0.41,13.7
,33.75,0.38,13.0
,33.75,0.36,12.2
,33.81,0.34,11.7
,33.81,0.32,10.8
,33.78,0.30,10.3
,33.78,0.29,9.9
,33.75,0.28,9.4
,33.78,0.27,9.1
,33.75,0.26,8.6
,33.81,0.24,8.2
,33.78,0.23,7.9
,,,
Inv1-S3-Module29 11-4-2022 11-59 AM (GMT+5).csv,6.15,18.14,111.6
,7.50,18.12,135.9
,8.26,18.11,149.7
,9.21,18.10,166.8
,10.13,18.09,183.3
,10.99,18.09,198.8
,11.91,18.08,215.3
,12.80,18.07,231.2
,13.68,18.07,247.3
,14.57,18.07,263.3
,15.46,18.06,279.2
,16.32,18.06,294.7
,17.20,18.05,310.5
,18.09,18.04,326.4
,19.01,18.03,342.8
,19.90,18.02,358.5
,20.76,18.00,373.6
,21.58,17.97,387.8
,22.38,17.88,400.0
,23.11,17.67,408.3
,23.84,17.40,414.7
,24.51,17.05,417.8
,25.18,16.63,418.6
,25.78,16.14,416.0
,26.26,15.58,409.3
,26.80,14.99,401.7
,27.35,14.35,392.5
,27.76,13.70,380.3
,28.12,13.03,366.5
,28.51,12.37,352.6
,28.90,11.71,338.3
,29.23,11.06,323.3
,29.55,10.43,308.4
,29.79,9.82,292.7
,30.06,9.25,278.0
,30.32,8.69,263.6
,30.53,8.16,249.2
,30.77,7.66,235.8
,31.00,7.19,223.1
,31.12,6.75,209.9
,31.36,6.33,198.5
,31.48,5.94,186.9
,31.56,5.57,175.7
,31.71,5.22,165.6
,31.83,4.90,156.1
,31.95,4.60,147.1
,32.06,4.32,138.6
,32.12,4.06,130.4
,32.24,3.81,123.0
,32.33,3.59,116.0
,32.42,3.37,109.4
,32.51,3.18,103.3
,32.53,2.99,97.4
,32.62,2.82,92.0
,32.68,2.66,86.9
,32.71,2.51,82.1
,32.74,2.37,77.5
,32.77,2.24,73.3
,32.86,2.11,69.4
,32.92,2.00,65.7
,32.95,1.88,62.1
,32.98,1.79,58.9
,33.00,1.69,55.7
,33.03,1.60,52.8
,33.03,1.52,50.1
,33.06,1.43,47.4
,33.09,1.36,44.9
,33.12,1.29,42.7
,33.15,1.22,40.4
,33.18,1.16,38.4
,33.21,1.10,36.4
,33.21,1.04,34.5
,33.24,0.99,32.8
,33.27,0.94,31.1
,33.27,0.89,29.5
,33.27,0.84,28.0
,33.36,0.80,26.6
,33.33,0.76,25.3
,33.36,0.72,24.1
,33.36,0.68,22.8
,33.36,0.65,21.7
,33.36,0.62,20.6
,33.42,0.59,19.7
,33.39,0.56,18.6
,33.42,0.53,17.6
,33.42,0.51,16.9
,33.38,0.48,16.1
,33.41,0.45,15.2
,33.44,0.44,14.6
,33.44,0.41,13.7
,33.41,0.39,13.1
,33.41,0.37,12.4
,33.44,0.35,11.7
,33.47,0.33,11.1
,33.47,0.31,10.3
,33.47,0.30,10.0
,33.47,0.28,9.5
,33.50,0.27,9.2
,33.50,0.26,8.7
,33.44,0.25,8.4
,,,
Inv1-S3-Module3 11-4-2022 11-43 AM (GMT+5).csv,5.84,17.75,103.7
,7.28,17.72,129.0
,8.20,17.71,145.2
,9.18,17.70,162.4
,10.06,17.69,178.1
,10.98,17.69,194.3
,11.90,17.68,210.4
,12.76,17.68,225.5
,13.68,17.67,241.7
,14.60,17.66,257.8
,15.51,17.66,273.9
,16.37,17.64,288.8
,17.29,17.62,304.6
,18.18,17.60,319.9
,19.07,17.58,335.2
,19.98,17.57,351.2
,20.84,17.56,366.0
,21.70,17.55,380.8
,22.55,17.50,394.7
,23.35,17.36,405.2
,24.08,17.15,413.1
,24.84,16.88,419.2
,25.51,16.52,421.4
,26.12,16.08,420.0
,26.72,15.58,416.3
,27.29,15.01,409.7
,27.81,14.39,400.3
,28.22,13.74,387.9
,28.70,13.07,375.3
,29.12,12.39,360.9
,29.45,11.72,345.1
,29.78,11.05,329.0
,30.13,10.40,313.4
,30.43,9.77,297.3
,30.70,9.16,281.3
,30.93,8.59,265.6
,31.20,8.04,250.8
,31.41,7.52,236.3
,31.55,7.04,222.1
,31.73,6.58,208.7
,31.88,6.15,196.0
,32.05,5.75,184.2
,32.20,5.37,173.1
,32.32,5.02,162.2
,32.44,4.70,152.3
,32.56,4.40,143.1
,32.61,4.12,134.2
,32.73,3.85,126.1
,32.82,3.61,118.5
,32.91,3.39,111.4
,32.97,3.18,104.7
,33.05,2.98,98.4
,33.11,2.80,92.6
,33.17,2.63,87.2
,33.23,2.47,82.2
,33.26,2.33,77.4
,33.35,2.19,73.1
,33.35,2.06,68.7
,33.41,1.94,64.9
,33.44,1.83,61.2
,33.43,1.73,57.8
,33.49,1.63,54.6
,33.55,1.54,51.6
,33.55,1.45,48.8
,33.58,1.37,46.0
,33.58,1.30,43.5
,33.67,1.22,41.1
,33.67,1.15,38.9
,33.70,1.09,36.8
,33.70,1.03,34.8
,33.73,0.98,32.9
,33.70,0.92,31.1
,33.73,0.87,29.5
,33.79,0.83,28.0
,33.79,0.78,26.4
,33.82,0.74,25.0
,33.82,0.70,23.6
,33.82,0.66,22.4
,33.88,0.63,21.3
,33.85,0.60,20.2
,33.88,0.56,19.1
,33.91,0.53,18.1
,33.87,0.51,17.2
,33.90,0.48,16.3
,33.90,0.46,15.5
,33.90,0.43,14.6
,33.93,0.41,13.8
,33.93,0.39,13.1
,33.93,0.36,12.4
,33.93,0.34,11.7
,33.93,0.32,10.9
,33.93,0.31,10.5
,33.93,0.29,9.8
,33.93,0.28,9.4
,33.99,0.27,9.0
,33.99,0.25,8.6
,33.93,0.25,8.3
,33.96,0.23,7.9
,33.96,0.22,7.5
,33.96,0.21,7.2
,,,
Inv1-S3-Module30 11-4-2022 12-00 PM (GMT+5).csv,6.09,17.92,109.1
,7.43,17.94,133.4
,8.35,17.93,149.8
,9.27,17.93,166.2
,10.19,17.92,182.6
,11.11,17.92,199.1
,11.97,17.92,214.4
,12.88,17.91,230.8
,13.77,17.91,246.7
,14.75,17.91,264.2
,15.64,17.91,280.1
,16.50,17.90,295.3
,17.39,17.90,311.2
,18.33,17.89,328.0
,19.22,17.88,343.8
,20.11,17.87,359.4
,21.00,17.85,374.9
,21.86,17.81,389.3
,22.62,17.69,400.2
,23.41,17.52,410.3
,24.11,17.29,416.8
,24.90,16.97,422.6
,25.54,16.58,423.5
,26.15,16.11,421.3
,26.75,15.58,416.9
,27.32,15.00,409.9
,27.81,14.37,399.6
,28.25,13.72,387.5
,28.67,13.04,374.0
,29.09,12.37,359.9
,29.42,11.69,344.0
,29.75,11.03,328.1
,30.07,10.39,312.4
,30.34,9.77,296.3
,30.64,9.17,281.0
,30.84,8.60,265.3
,31.14,8.06,251.0
,31.35,7.55,236.6
,31.49,7.07,222.5
,31.64,6.61,209.1
,31.82,6.19,196.8
,31.96,5.79,185.0
,32.11,5.42,173.9
,32.23,5.07,163.3
,32.38,4.75,153.7
,32.46,4.44,144.3
,32.55,4.16,135.5
,32.67,3.90,127.5
,32.73,3.66,119.8
,32.85,3.43,112.7
,32.90,3.22,106.1
,32.99,3.03,99.9
,33.02,2.85,94.0
,33.08,2.68,88.5
,33.14,2.52,83.5
,33.20,2.37,78.7
,33.26,2.23,74.3
,33.29,2.11,70.1
,33.32,1.99,66.1
,33.37,1.87,62.6
,33.40,1.77,59.0
,33.43,1.67,55.9
,33.46,1.58,52.7
,33.49,1.49,49.9
,33.52,1.41,47.2
,33.49,1.33,44.6
,33.55,1.26,42.2
,33.61,1.19,40.0
,33.61,1.12,37.8
,33.64,1.07,35.9
,33.67,1.01,34.0
,33.64,0.96,32.1
,33.70,0.90,30.4
,33.70,0.86,28.9
,33.76,0.81,27.3
,33.73,0.77,25.9
,33.72,0.73,24.6
,33.72,0.69,23.2
,33.79,0.65,22.1
,33.75,0.62,20.9
,33.81,0.59,19.9
,33.78,0.56,19.0
,33.81,0.53,17.9
,33.81,0.51,17.1
,33.87,0.48,16.2
,33.84,0.45,15.3
,33.81,0.43,14.5
,33.84,0.41,13.7
,33.84,0.38,13.0
,33.81,0.36,12.3
,33.84,0.35,11.7
,33.90,0.32,11.0
,33.90,0.31,10.5
,33.90,0.29,9.9
,33.90,0.28,9.5
,33.87,0.27,9.1
,33.90,0.26,8.7
,33.90,0.24,8.3
,33.90,0.23,7.9
,33.90,0.22,7.5
,,,
Inv1-S3-Module31 11-4-2022 12-00 PM (GMT+5).csv,5.17,17.75,91.7
,6.94,17.77,123.4
,7.80,17.76,138.6
,8.66,17.76,153.7
,9.58,17.76,170.0
,10.46,17.75,185.7
,11.44,17.75,203.1
,12.27,17.75,217.7
,13.16,17.74,233.4
,14.05,17.74,249.1
,14.93,17.73,264.8
,15.88,17.73,281.5
,16.71,17.72,296.1
,17.60,17.71,311.7
,18.52,17.71,327.9
,19.43,17.70,344.0
,20.26,17.69,358.4
,21.15,17.67,373.7
,21.94,17.60,386.2
,22.74,17.45,396.8
,23.50,17.24,405.2
,24.23,16.96,411.1
,24.87,16.61,413.0
,25.57,16.18,413.6
,26.14,15.68,409.9
,26.71,15.13,404.1
,27.23,14.52,395.4
,27.68,13.89,384.3
,28.09,13.23,371.6
,28.48,12.56,357.8
,28.87,11.90,343.4
,29.23,11.24,328.5
,29.52,10.60,312.8
,29.85,9.97,297.7
,30.15,9.37,282.6
,30.39,8.80,267.4
,30.65,8.25,253.0
,30.86,7.73,238.6
,31.04,7.24,224.8
,31.21,6.79,211.8
,31.39,6.35,199.3
,31.54,5.94,187.5
,31.65,5.57,176.2
,31.77,5.21,165.5
,31.92,4.87,155.6
,32.07,4.57,146.6
,32.16,4.28,137.7
,32.21,4.01,129.2
,32.30,3.76,121.5
,32.42,3.53,114.5
,32.48,3.32,107.7
,32.54,3.11,101.3
,32.66,2.93,95.6
,32.68,2.75,90.0
,32.74,2.59,84.8
,32.77,2.44,80.0
,32.83,2.30,75.6
,32.89,2.17,71.4
,32.95,2.05,67.4
,32.98,1.93,63.5
,32.98,1.82,60.0
,33.04,1.72,56.7
,33.06,1.62,53.7
,33.12,1.54,50.9
,33.12,1.45,48.0
,33.15,1.37,45.4
,33.15,1.30,43.0
,33.21,1.23,40.7
,33.21,1.16,38.5
,33.21,1.10,36.5
,33.27,1.04,34.5
,33.27,0.99,32.8
,33.33,0.93,31.0
,33.30,0.88,29.3
,33.36,0.84,27.9
,33.33,0.79,26.3
,33.36,0.75,25.1
,33.33,0.71,23.8
,33.39,0.68,22.5
,33.39,0.64,21.4
,33.42,0.61,20.3
,33.39,0.58,19.2
,33.45,0.54,18.2
,33.42,0.52,17.4
,33.42,0.49,16.5
,33.41,0.47,15.6
,33.45,0.44,14.8
,33.44,0.42,14.1
,33.47,0.40,13.4
,33.47,0.38,12.6
,33.47,0.36,12.0
,33.50,0.34,11.3
,33.50,0.31,10.5
,33.50,0.30,10.1
,33.50,0.29,9.6
,33.53,0.27,9.2
,33.53,0.26,8.8
,33.47,0.25,8.4
,33.50,0.24,8.0
,33.56,0.23,7.6
,,,
Inv1-S3-Module32 11-4-2022 12-01 PM (GMT+5).csv,5.75,17.60,101.1
,7.06,17.57,124.0
,7.92,17.55,139.0
,8.84,17.55,155.1
,9.76,17.55,171.2
,10.61,17.54,186.2
,11.53,17.54,202.3
,12.39,17.54,217.3
,13.25,17.53,232.2
,14.13,17.53,247.7
,15.05,17.52,263.8
,15.91,17.51,278.7
,16.80,17.51,294.1
,17.66,17.50,309.0
,18.51,17.50,324.0
,19.40,17.49,339.3
,20.26,17.48,354.1
,21.08,17.43,367.4
,21.88,17.31,378.7
,22.61,17.13,387.2
,23.34,16.87,393.8
,24.04,16.55,397.8
,24.62,16.15,397.5
,25.28,15.68,396.5
,25.83,15.16,391.7
,26.34,14.59,384.4
,26.82,13.99,375.1
,27.30,13.36,364.7
,27.72,12.72,352.6
,28.11,12.08,339.5
,28.44,11.45,325.5
,28.79,10.82,311.6
,29.12,10.22,297.5
,29.36,9.63,282.7
,29.62,9.07,268.7
,29.86,8.53,254.9
,30.10,8.02,241.5
,30.37,7.54,229.0
,30.54,7.08,216.3
,30.72,6.65,204.4
,30.93,6.25,193.3
,31.11,5.87,182.5
,31.22,5.51,172.2
,31.34,5.18,162.2
,31.46,4.86,153.0
,31.58,4.57,144.3
,31.67,4.30,136.1
,31.78,4.04,128.5
,31.84,3.80,121.0
,31.96,3.58,114.4
,32.02,3.37,107.9
,32.11,3.18,102.0
,32.17,2.99,96.2
,32.26,2.82,91.0
,32.31,2.66,86.0
,32.40,2.51,81.4
,32.43,2.37,77.0
,32.55,2.24,73.0
,32.55,2.12,69.0
,32.55,2.01,65.3
,32.64,1.90,62.0
,32.61,1.79,58.5
,32.73,1.70,55.7
,32.70,1.61,52.7
,32.76,1.53,50.0
,32.82,1.44,47.4
,32.82,1.37,44.8
,32.85,1.30,42.6
,32.84,1.23,40.4
,32.84,1.17,38.3
,32.90,1.11,36.4
,32.93,1.05,34.6
,32.96,1.00,32.8
,32.96,0.95,31.2
,32.99,0.89,29.5
,33.02,0.85,28.1
,33.02,0.81,26.6
,33.02,0.77,25.4
,33.05,0.73,24.1
,33.08,0.69,22.9
,33.08,0.66,21.9
,33.08,0.63,20.8
,33.11,0.59,19.7
,33.08,0.56,18.7
,33.11,0.54,17.8
,33.11,0.51,16.9
,33.11,0.49,16.1
,33.14,0.46,15.4
,33.17,0.44,14.6
,33.14,0.42,13.8
,33.17,0.40,13.2
,33.20,0.38,12.6
,33.20,0.36,11.8
,33.14,0.34,11.2
,33.23,0.32,10.6
,33.23,0.30,10.0
,33.23,0.29,9.7
,33.23,0.28,9.2
,33.20,0.27,8.8
,33.23,0.26,8.5
,,,
Inv1-S3-Module33 11-4-2022 12-01 PM (GMT+5).csv,5.18,16.91,87.6
,6.75,16.91,114.0
,7.63,16.91,129.1
,8.46,16.91,143.0
,9.41,16.90,159.1
,10.24,16.90,173.0
,11.12,16.90,187.9
,12.04,16.89,203.4
,12.84,16.88,216.8
,13.76,16.87,232.1
,14.64,16.86,246.9
,15.50,16.85,261.2
,16.36,16.84,275.5
,17.19,16.83,289.3
,18.04,16.82,303.4
,18.96,16.80,318.5
,19.82,16.78,332.6
,20.71,16.77,347.3
,21.53,16.75,360.7
,22.27,16.64,370.4
,23.03,16.44,378.7
,23.73,16.18,383.9
,24.40,15.84,386.6
,24.97,15.44,385.5
,25.64,14.96,383.6
,26.18,14.42,377.6
,26.63,13.84,368.6
,27.11,13.23,358.7
,27.56,12.60,347.2
,27.92,11.96,333.9
,28.34,11.31,320.6
,28.67,10.68,306.1
,28.97,10.06,291.5
,29.26,9.47,277.0
,29.53,8.90,262.7
,29.80,8.34,248.6
,30.03,7.82,235.0
,30.24,7.33,221.6
,30.45,6.86,208.9
,30.63,6.43,196.8
,30.77,6.02,185.1
,30.95,5.63,174.2
,31.13,5.27,164.0
,31.25,4.93,154.0
,31.36,4.62,144.9
,31.45,4.33,136.1
,31.54,4.05,127.9
,31.60,3.80,120.1
,31.72,3.56,113.1
,31.77,3.35,106.3
,31.86,3.14,100.0
,31.92,2.95,94.1
,32.04,2.77,88.8
,32.07,2.61,83.7
,32.13,2.45,78.9
,32.13,2.31,74.3
,32.22,2.18,70.2
,32.24,2.05,66.2
,32.33,1.93,62.6
,32.33,1.82,58.9
,32.36,1.72,55.7
,32.39,1.63,52.7
,32.45,1.54,49.9
,32.48,1.45,47.2
,32.51,1.37,44.5
,32.54,1.30,42.2
,32.54,1.22,39.8
,32.57,1.16,37.7
,32.60,1.09,35.6
,32.63,1.04,33.8
,32.66,0.98,32.0
,32.66,0.93,30.2
,32.69,0.87,28.6
,32.65,0.83,27.1
,32.75,0.78,25.7
,32.75,0.74,24.4
,32.74,0.71,23.1
,32.74,0.67,21.9
,32.77,0.63,20.7
,32.77,0.60,19.7
,32.77,0.57,18.6
,32.80,0.54,17.6
,32.77,0.51,16.8
,32.80,0.48,15.9
,32.83,0.46,15.1
,32.83,0.44,14.4
,32.83,0.41,13.6
,32.86,0.39,12.8
,32.86,0.37,12.1
,32.89,0.35,11.5
,32.86,0.33,10.8
,32.92,0.31,10.2
,32.89,0.29,9.7
,32.86,0.28,9.2
,32.89,0.27,8.9
,32.95,0.26,8.4
,32.92,0.25,8.1
,32.92,0.23,7.7
,32.92,0.22,7.4
,32.89,0.21,7.0
,,,
Inv1-S3-Module34 11-4-2022 12-02 PM (GMT+5).csv,5.30,16.66,88.4
,6.71,16.66,111.8
,7.60,16.65,126.5
,8.46,16.64,140.7
,9.31,16.64,154.9
,10.23,16.63,170.1
,11.09,16.60,184.1
,12.01,16.59,199.2
,12.83,16.58,212.7
,13.78,16.56,228.3
,14.64,16.56,242.4
,15.50,16.54,256.3
,16.42,16.53,271.3
,17.24,16.50,284.5
,18.10,16.46,297.8
,18.99,16.42,311.8
,19.87,16.40,326.0
,20.70,16.39,339.3
,21.56,16.38,353.1
,22.42,16.37,366.8
,23.21,16.28,377.7
,23.91,16.09,384.6
,24.67,15.80,389.8
,25.31,15.44,390.7
,25.89,15.01,388.4
,26.49,14.51,384.3
,27.03,13.95,377.2
,27.55,13.36,367.9
,28.00,12.73,356.4
,28.38,12.09,343.1
,28.80,11.44,329.5
,29.16,10.80,314.8
,29.46,10.16,299.4
,29.75,9.55,284.2
,30.05,8.96,269.2
,30.35,8.39,254.7
,30.59,7.85,240.2
,30.79,7.34,226.1
,31.00,6.86,212.7
,31.21,6.41,200.0
,31.32,5.98,187.4
,31.50,5.59,176.0
,31.62,5.22,164.9
,31.77,4.87,154.7
,31.85,4.55,144.9
,31.97,4.25,135.9
,32.09,3.97,127.5
,32.18,3.72,119.6
,32.27,3.48,112.2
,32.35,3.26,105.4
,32.47,3.05,99.0
,32.47,2.86,92.9
,32.53,2.68,87.3
,32.62,2.52,82.2
,32.68,2.36,77.2
,32.71,2.22,72.7
,32.77,2.09,68.5
,32.76,1.97,64.4
,32.85,1.85,60.7
,32.85,1.74,57.2
,32.91,1.64,54.0
,32.97,1.55,51.0
,33.00,1.46,48.0
,33.03,1.37,45.3
,33.06,1.29,42.8
,33.06,1.22,40.4
,33.09,1.15,38.1
,33.12,1.09,36.0
,33.15,1.03,34.1
,33.15,0.97,32.0
,33.18,0.91,30.4
,33.18,0.86,28.7
,33.21,0.82,27.1
,33.20,0.77,25.6
,33.23,0.73,24.2
,33.26,0.69,22.9
,33.26,0.65,21.7
,33.26,0.61,20.4
,33.26,0.58,19.4
,33.29,0.55,18.3
,33.32,0.52,17.5
,33.32,0.49,16.5
,33.29,0.47,15.6
,33.35,0.44,14.7
,33.29,0.42,13.9
,33.35,0.39,13.1
,33.32,0.37,12.4
,33.35,0.35,11.8
,33.35,0.33,11.0
,33.35,0.31,10.3
,33.41,0.29,9.8
,33.41,0.28,9.4
,33.35,0.27,8.9
,33.35,0.25,8.5
,33.35,0.25,8.3
,33.41,0.23,7.8
,33.41,0.22,7.4
,33.38,0.21,7.1
,33.44,0.20,6.5
,33.44,0.18,6.1
,,,
Inv1-S3-Module35 11-4-2022 12-03 PM (GMT+5).csv,5.83,16.98,99.0
,6.99,16.99,118.8
,7.88,16.98,133.8
,8.80,16.97,149.3
,9.72,16.97,164.9
,10.64,16.96,180.4
,11.55,16.96,195.9
,12.35,16.95,209.4
,13.27,16.95,224.8
,14.19,16.94,240.4
,15.11,16.94,255.8
,15.93,16.93,269.7
,16.79,16.91,283.8
,17.71,16.89,299.1
,18.60,16.88,313.8
,19.48,16.87,328.6
,20.34,16.86,342.9
,21.26,16.85,358.2
,22.02,16.80,369.9
,22.91,16.70,382.6
,23.64,16.51,390.4
,24.34,16.27,396.0
,25.07,15.94,399.8
,25.71,15.55,399.8
,26.32,15.09,397.1
,26.89,14.56,391.6
,27.46,13.98,384.0
,27.88,13.37,372.8
,28.33,12.73,360.7
,28.78,12.08,347.6
,29.14,11.43,333.0
,29.44,10.78,317.4
,29.79,10.15,302.3
,30.09,9.53,286.9
,30.36,8.94,271.5
,30.62,8.38,256.6
,30.89,7.84,242.2
,31.07,7.33,227.8
,31.24,6.85,214.1
,31.48,6.40,201.6
,31.63,5.98,189.1
,31.72,5.58,177.1
,31.92,5.22,166.6
,32.04,4.87,156.1
,32.13,4.55,146.3
,32.28,4.25,137.3
,32.33,3.97,128.5
,32.45,3.72,120.8
,32.51,3.49,113.3
,32.63,3.26,106.5
,32.69,3.06,100.0
,32.78,2.87,94.0
,32.81,2.69,88.3
,32.86,2.53,83.1
,32.92,2.37,78.2
,32.98,2.23,73.6
,33.04,2.10,69.4
,33.07,1.97,65.3
,33.13,1.86,61.6
,33.13,1.75,58.0
,33.19,1.65,54.8
,33.25,1.56,51.7
,33.28,1.47,48.8
,33.31,1.38,46.0
,33.27,1.30,43.4
,33.30,1.23,41.0
,33.33,1.16,38.8
,33.42,1.10,36.6
,33.39,1.04,34.6
,33.36,0.98,32.6
,33.45,0.92,30.8
,33.42,0.87,29.1
,33.48,0.82,27.6
,33.51,0.78,26.1
,33.48,0.73,24.6
,33.51,0.70,23.3
,33.51,0.66,22.0
,33.51,0.62,20.9
,33.51,0.59,19.7
,33.51,0.56,18.7
,33.57,0.53,17.8
,33.60,0.50,16.9
,33.54,0.48,16.0
,33.57,0.45,15.1
,33.57,0.42,14.2
,33.60,0.40,13.5
,33.60,0.38,12.8
,33.63,0.36,12.1
,33.63,0.33,11.2
,33.63,0.31,10.5
,33.63,0.30,10.0
,33.63,0.28,9.6
,33.66,0.27,9.2
,33.63,0.26,8.7
,33.69,0.25,8.4
,33.66,0.24,7.9
,33.66,0.23,7.6
,33.69,0.21,7.2
,33.66,0.20,6.8
,33.69,0.18,6.1
,,,
Inv1-S3-Module36 11-4-2022 12-03 PM (GMT+5).csv,5.12,16.72,85.6
,6.83,16.72,114.3
,7.72,16.72,129.1
,8.58,16.72,143.4
,9.50,16.71,158.7
,10.39,16.71,173.5
,11.30,16.70,188.8
,12.19,16.70,203.6
,13.05,16.69,217.8
,13.94,16.69,232.6
,14.83,16.68,247.4
,15.71,16.68,262.1
,16.60,16.67,276.8
,17.49,16.66,291.4
,18.38,16.66,306.1
,19.27,16.65,320.7
,20.09,16.63,334.2
,21.04,16.62,349.7
,21.93,16.60,364.0
,22.66,16.50,373.9
,23.46,16.33,383.0
,24.16,16.09,388.7
,24.86,15.78,392.2
,25.52,15.39,392.9
,26.13,14.94,390.4
,26.70,14.42,385.1
,27.25,13.85,377.4
,27.73,13.24,367.1
,28.12,12.61,354.5
,28.53,11.96,341.3
,28.95,11.31,327.3
,29.31,10.66,312.6
,29.67,10.04,297.8
,29.87,9.43,281.6
,30.23,8.84,267.3
,30.47,8.28,252.2
,30.68,7.74,237.6
,30.91,7.24,223.8
,31.12,6.76,210.5
,31.27,6.32,197.6
,31.48,5.90,185.7
,31.59,5.51,174.1
,31.74,5.15,163.4
,31.86,4.81,153.1
,31.94,4.49,143.4
,32.12,4.19,134.7
,32.21,3.92,126.3
,32.33,3.67,118.6
,32.39,3.43,111.2
,32.45,3.22,104.4
,32.53,3.01,98.0
,32.59,2.82,92.0
,32.65,2.65,86.5
,32.71,2.49,81.3
,32.80,2.34,76.6
,32.80,2.19,72.0
,32.86,2.07,67.9
,32.89,1.94,63.8
,32.98,1.83,60.2
,33.00,1.72,56.8
,33.03,1.62,53.6
,33.06,1.53,50.5
,33.06,1.44,47.6
,33.09,1.36,44.9
,33.12,1.28,42.5
,33.18,1.21,40.1
,33.15,1.14,37.8
,33.21,1.08,35.7
,33.24,1.02,33.8
,33.24,0.96,31.9
,33.30,0.90,30.1
,33.27,0.85,28.4
,33.30,0.81,26.8
,33.30,0.76,25.4
,33.33,0.72,24.0
,33.33,0.68,22.7
,33.36,0.65,21.6
,33.36,0.61,20.4
,33.36,0.58,19.3
,33.35,0.54,18.1
,33.35,0.52,17.2
,33.42,0.49,16.3
,33.38,0.46,15.4
,33.44,0.44,14.6
,33.41,0.41,13.8
,33.41,0.39,13.1
,33.44,0.37,12.4
,33.47,0.35,11.7
,33.44,0.32,10.9
,33.44,0.31,10.3
,33.44,0.29,9.7
,33.47,0.28,9.3
,33.47,0.27,8.9
,33.44,0.25,8.5
,33.47,0.24,8.2
,33.47,0.23,7.8
,33.50,0.22,7.4
,33.47,0.21,7.0
,33.50,0.19,6.5
,33.50,0.18,6.1
,,,
Inv1-S3-Module4 11-4-2022 11-43 AM (GMT+5).csv,5.90,17.52,103.3
,7.18,17.50,125.7
,8.07,17.49,141.2
,9.02,17.48,157.7
,9.88,17.48,172.7
,10.77,17.47,188.1
,11.68,17.47,204.1
,12.57,17.47,219.6
,13.46,17.46,235.0
,14.35,17.46,250.5
,15.27,17.45,266.4
,16.15,17.45,281.8
,17.04,17.43,297.1
,17.93,17.41,312.2
,18.79,17.40,326.8
,19.71,17.38,342.5
,20.53,17.37,356.7
,21.48,17.36,372.8
,22.31,17.34,386.7
,23.07,17.21,397.1
,23.80,17.01,404.8
,24.50,16.73,409.9
,25.23,16.37,413.1
,25.87,15.94,412.3
,26.47,15.43,408.6
,27.02,14.87,401.9
,27.56,14.27,393.2
,27.98,13.62,381.1
,28.43,12.96,368.4
,28.85,12.29,354.4
,29.20,11.62,339.3
,29.56,10.96,324.0
,29.86,10.32,308.0
,30.18,9.69,292.5
,30.39,9.09,276.4
,30.69,8.53,261.7
,30.92,7.98,246.9
,31.13,7.47,232.6
,31.31,6.99,218.7
,31.48,6.54,205.8
,31.60,6.11,193.0
,31.78,5.71,181.5
,31.90,5.34,170.2
,32.04,4.99,160.0
,32.16,4.67,150.2
,32.28,4.37,141.0
,32.40,4.09,132.5
,32.52,3.83,124.5
,32.57,3.59,117.0
,32.66,3.36,109.8
,32.72,3.15,103.2
,32.81,2.96,97.1
,32.87,2.78,91.4
,32.93,2.61,86.0
,32.95,2.46,81.1
,33.01,2.31,76.4
,33.01,2.18,71.9
,33.10,2.05,67.9
,33.16,1.93,64.1
,33.19,1.82,60.5
,33.25,1.72,57.2
,33.25,1.62,53.9
,33.28,1.53,50.9
,33.28,1.44,48.1
,33.34,1.36,45.3
,33.37,1.29,43.0
,33.36,1.21,40.5
,33.42,1.15,38.4
,33.42,1.08,36.2
,33.45,1.03,34.3
,33.45,0.97,32.4
,33.48,0.91,30.6
,33.48,0.87,29.0
,33.51,0.82,27.6
,33.51,0.78,26.0
,33.54,0.74,24.7
,33.54,0.70,23.3
,33.54,0.66,22.0
,33.57,0.63,21.0
,33.57,0.59,19.8
,33.57,0.56,18.9
,33.60,0.53,17.8
,33.63,0.50,16.9
,33.63,0.48,16.1
,33.63,0.45,15.2
,33.63,0.43,14.4
,33.66,0.41,13.6
,33.69,0.38,13.0
,33.63,0.36,12.2
,33.69,0.34,11.5
,33.66,0.32,10.8
,33.72,0.30,10.3
,33.72,0.29,9.9
,33.69,0.28,9.3
,33.69,0.26,8.9
,33.69,0.25,8.5
,33.72,0.24,8.2
,33.69,0.23,7.8
,33.66,0.22,7.4
,33.72,0.21,7.0
,,,
Inv1-S3-Module5 11-4-2022 11-44 AM (GMT+5).csv,5.40,17.04,92.0
,6.81,17.04,116.0
,7.67,17.03,130.6
,8.58,17.03,146.2
,9.44,17.02,160.7
,10.36,17.01,176.3
,11.28,17.01,191.8
,12.17,17.00,206.8
,12.99,16.99,220.8
,13.91,16.98,236.3
,14.77,16.98,250.7
,15.63,16.95,264.9
,16.45,16.91,278.3
,17.34,16.88,292.6
,18.23,16.85,307.2
,19.08,16.84,321.4
,19.97,16.83,336.1
,20.83,16.81,350.2
,21.69,16.79,364.1
,22.42,16.72,374.8
,23.28,16.54,384.9
,23.91,16.29,389.6
,24.61,15.98,393.4
,25.22,15.59,393.2
,25.83,15.13,390.8
,26.43,14.61,386.3
,26.94,14.05,378.5
,27.39,13.44,368.0
,27.84,12.80,356.5
,28.23,12.16,343.3
,28.65,11.51,329.9
,28.95,10.87,314.7
,29.31,10.25,300.2
,29.60,9.64,285.3
,29.84,9.05,270.1
,30.11,8.49,255.5
,30.37,7.95,241.5
,30.55,7.45,227.5
,30.79,6.97,214.6
,30.96,6.52,201.9
,31.14,6.10,189.9
,31.29,5.70,178.4
,31.41,5.33,167.5
,31.58,4.99,157.6
,31.67,4.67,147.8
,31.76,4.37,138.7
,31.88,4.09,130.4
,31.96,3.83,122.4
,32.08,3.59,115.2
,32.14,3.37,108.2
,32.17,3.16,101.5
,32.26,2.96,95.6
,32.35,2.78,90.0
,32.44,2.62,84.8
,32.43,2.46,79.8
,32.52,2.32,75.3
,32.61,2.18,71.0
,32.61,2.05,66.8
,32.64,1.93,63.1
,32.70,1.82,59.5
,32.73,1.72,56.2
,32.76,1.62,53.0
,32.76,1.53,50.1
,32.79,1.44,47.4
,32.85,1.36,44.7
,32.88,1.28,42.2
,32.91,1.21,39.9
,32.94,1.15,37.8
,32.93,1.08,35.7
,32.96,1.03,33.8
,33.02,0.97,31.9
,32.99,0.91,30.1
,33.02,0.87,28.6
,33.02,0.82,27.1
,33.05,0.78,25.6
,33.08,0.73,24.3
,33.05,0.70,23.0
,33.08,0.66,21.7
,33.14,0.62,20.7
,33.17,0.59,19.5
,33.11,0.56,18.4
,33.14,0.53,17.5
,33.14,0.50,16.6
,33.17,0.48,15.8
,33.17,0.45,15.0
,33.17,0.43,14.2
,33.20,0.40,13.4
,33.17,0.38,12.7
,33.17,0.36,11.9
,33.20,0.33,11.1
,33.23,0.32,10.5
,33.23,0.30,10.0
,33.20,0.29,9.5
,33.20,0.27,9.1
,33.20,0.26,8.8
,33.23,0.25,8.2
,33.20,0.24,8.0
,33.23,0.23,7.6
,33.26,0.22,7.2
,33.23,0.21,6.9
,,,
Inv1-S3-Module6 11-4-2022 11-44 AM (GMT+5).csv,5.58,16.82,93.8
,6.90,16.80,115.8
,7.82,16.79,131.2
,8.70,16.79,146.1
,9.56,16.78,160.4
,10.51,16.78,176.4
,11.43,16.77,191.7
,12.32,16.77,206.6
,13.17,16.77,220.9
,14.09,16.76,236.3
,15.01,16.76,251.6
,15.90,16.76,266.4
,16.79,16.75,281.2
,17.67,16.74,296.0
,18.56,16.74,310.7
,19.45,16.72,325.2
,20.28,16.70,338.6
,21.20,16.69,353.7
,22.02,16.65,366.7
,22.82,16.55,377.7
,23.64,16.39,387.5
,24.37,16.17,394.2
,25.13,15.87,399.0
,25.80,15.50,400.0
,26.41,15.06,397.7
,26.98,14.55,392.5
,27.52,13.99,384.9
,28.04,13.38,375.0
,28.49,12.74,362.9
,28.90,12.09,349.4
,29.29,11.43,334.8
,29.62,10.78,319.3
,29.98,10.14,304.0
,30.24,9.52,288.0
,30.57,8.92,272.8
,30.81,8.35,257.3
,31.08,7.81,242.7
,31.28,7.30,228.2
,31.46,6.81,214.3
,31.64,6.36,201.2
,31.81,5.93,188.7
,31.96,5.53,176.9
,32.14,5.17,166.1
,32.19,4.81,155.0
,32.34,4.50,145.4
,32.49,4.20,136.5
,32.58,3.92,127.8
,32.64,3.67,119.6
,32.75,3.43,112.3
,32.84,3.21,105.4
,32.87,3.00,98.7
,32.93,2.82,92.8
,33.02,2.64,87.2
,33.05,2.48,81.8
,33.11,2.33,77.0
,33.16,2.18,72.4
,33.22,2.05,68.2
,33.28,1.93,64.2
,33.31,1.82,60.5
,33.34,1.70,56.8
,33.40,1.61,53.6
,33.43,1.51,50.5
,33.43,1.42,47.5
,33.49,1.34,44.8
,33.49,1.27,42.4
,33.52,1.19,39.9
,33.55,1.12,37.7
,33.55,1.06,35.4
,33.58,1.00,33.6
,33.58,0.94,31.7
,33.64,0.89,29.9
,33.67,0.84,28.2
,33.63,0.79,26.6
,33.66,0.75,25.2
,33.66,0.71,23.8
,33.66,0.67,22.4
,33.72,0.63,21.3
,33.72,0.59,20.0
,33.75,0.56,19.0
,33.75,0.53,18.0
,33.75,0.51,17.1
,33.75,0.48,16.1
,33.75,0.45,15.2
,33.75,0.43,14.4
,33.78,0.41,13.7
,33.81,0.38,12.9
,33.78,0.36,12.1
,33.81,0.33,11.3
,33.78,0.31,10.6
,33.81,0.30,10.0
,33.84,0.29,9.7
,33.84,0.27,9.2
,33.78,0.26,8.8
,33.84,0.25,8.3
,33.81,0.24,8.0
,33.84,0.22,7.6
,33.81,0.21,7.2
,33.84,0.20,6.8
,33.84,0.18,6.1
,33.87,0.18,6.1
,,,
Inv1-S3-Module7 11-4-2022 11-48 AM (GMT+5).csv,4.71,17.84,84.0
,6.33,17.83,112.9
,7.25,17.83,129.2
,8.17,17.82,145.6
,9.09,17.82,161.9
,9.97,17.81,177.7
,10.89,17.81,194.0
,11.81,17.80,210.2
,12.73,17.79,226.5
,13.62,17.79,242.2
,14.51,17.78,257.9
,15.49,17.77,275.1
,16.34,17.76,290.2
,17.26,17.75,306.4
,18.21,17.74,323.1
,19.04,17.74,337.7
,19.99,17.73,354.4
,20.84,17.72,369.3
,21.76,17.70,385.1
,22.59,17.67,399.0
,23.38,17.55,410.5
,24.14,17.36,419.0
,24.88,17.09,425.0
,25.54,16.73,427.4
,26.24,16.30,427.7
,26.82,15.79,423.4
,27.42,15.22,417.2
,27.96,14.59,408.0
,28.38,13.93,395.4
,28.83,13.25,382.0
,29.22,12.56,367.1
,29.61,11.87,351.5
,29.93,11.19,335.1
,30.26,10.53,318.7
,30.59,9.89,302.4
,30.82,9.28,286.0
,31.06,8.69,269.9
,31.33,8.13,254.8
,31.50,7.61,239.7
,31.71,7.11,225.5
,31.92,6.65,212.1
,32.03,6.22,199.1
,32.15,5.81,186.8
,32.36,5.43,175.7
,32.44,5.07,164.6
,32.62,4.75,154.8
,32.71,4.44,145.2
,32.83,4.15,136.3
,32.91,3.89,128.0
,33.00,3.64,120.2
,33.09,3.41,113.0
,33.15,3.20,106.2
,33.21,3.01,99.8
,33.27,2.83,94.0
,33.33,2.65,88.4
,33.38,2.49,83.3
,33.44,2.35,78.4
,33.47,2.21,73.9
,33.50,2.08,69.6
,33.53,1.96,65.7
,33.62,1.85,62.2
,33.62,1.75,58.7
,33.65,1.65,55.4
,33.71,1.55,52.3
,33.71,1.47,49.4
,33.73,1.38,46.7
,33.79,1.31,44.2
,33.82,1.24,41.8
,33.85,1.16,39.4
,33.85,1.10,37.4
,33.85,1.04,35.3
,33.88,0.99,33.5
,33.88,0.93,31.6
,33.91,0.88,30.0
,33.97,0.83,28.3
,34.00,0.79,26.9
,33.94,0.75,25.4
,33.94,0.71,24.2
,34.00,0.67,22.9
,33.97,0.64,21.6
,34.03,0.60,20.6
,34.06,0.57,19.5
,34.00,0.54,18.4
,34.03,0.52,17.6
,34.00,0.49,16.6
,34.06,0.46,15.8
,34.06,0.44,15.0
,34.09,0.42,14.2
,34.09,0.39,13.5
,34.09,0.37,12.6
,34.09,0.35,12.0
,34.15,0.33,11.3
,34.12,0.31,10.6
,34.12,0.30,10.2
,34.12,0.28,9.7
,34.12,0.27,9.3
,34.12,0.26,8.8
,34.12,0.25,8.5
,34.15,0.24,8.1
,34.15,0.23,7.8
,,,
Inv1-S3-Module8 11-4-2022 11-49 AM (GMT+5).csv,5.65,17.56,99.3
,7.15,17.55,125.6
,8.07,17.55,141.6
,8.96,17.54,157.2
,9.91,17.53,173.7
,10.86,17.53,190.3
,11.75,17.52,205.8
,12.63,17.52,221.3
,13.58,17.51,237.8
,14.44,17.50,252.8
,15.33,17.50,268.2
,16.22,17.49,283.6
,17.13,17.49,299.7
,18.05,17.48,315.6
,19.00,17.47,332.0
,19.89,17.45,347.1
,20.78,17.43,362.2
,21.63,17.39,376.3
,22.46,17.31,388.8
,23.28,17.19,400.2
,24.02,17.02,408.7
,24.78,16.77,415.6
,25.54,16.45,420.0
,26.15,16.04,419.3
,26.78,15.56,416.7
,27.32,15.01,410.1
,27.87,14.41,401.5
,28.35,13.76,390.2
,28.83,13.10,377.7
,29.18,12.42,362.5
,29.57,11.74,347.3
,29.96,11.07,331.8
,30.23,10.42,314.9
,30.55,9.78,298.9
,30.85,9.18,283.1
,31.06,8.59,266.9
,31.35,8.04,252.1
,31.53,7.52,237.1
,31.71,7.03,222.9
,31.88,6.57,209.4
,32.09,6.13,196.8
,32.24,5.73,184.6
,32.36,5.35,173.2
,32.47,5.00,162.4
,32.62,4.67,152.4
,32.74,4.37,143.1
,32.83,4.09,134.2
,32.94,3.82,125.9
,33.00,3.59,118.3
,33.09,3.36,111.0
,33.15,3.14,104.2
,33.24,2.95,98.1
,33.27,2.77,92.0
,33.35,2.60,86.7
,33.41,2.44,81.7
,33.44,2.30,77.0
,33.47,2.16,72.4
,33.56,2.04,68.3
,33.59,1.92,64.4
,33.62,1.81,60.7
,33.68,1.70,57.3
,33.68,1.61,54.1
,33.74,1.51,51.1
,33.74,1.43,48.3
,33.73,1.35,45.4
,33.79,1.27,42.9
,33.82,1.20,40.6
,33.82,1.13,38.3
,33.85,1.07,36.3
,33.88,1.01,34.3
,33.91,0.96,32.4
,33.94,0.90,30.6
,33.97,0.85,29.0
,33.94,0.81,27.4
,33.94,0.77,26.1
,33.94,0.73,24.6
,33.97,0.69,23.3
,34.00,0.65,22.1
,34.03,0.61,20.8
,34.03,0.58,19.8
,34.03,0.55,18.8
,34.06,0.52,17.8
,34.09,0.50,16.9
,34.06,0.47,16.0
,34.09,0.44,15.1
,34.06,0.42,14.3
,34.09,0.40,13.6
,34.15,0.37,12.8
,34.06,0.35,12.1
,34.12,0.33,11.3
,34.12,0.31,10.7
,34.12,0.30,10.2
,34.15,0.28,9.7
,34.18,0.27,9.2
,34.12,0.26,8.8
,34.15,0.25,8.5
,34.15,0.24,8.1
,34.15,0.23,7.8
,34.18,0.22,7.4
,34.15,0.20,7.0
,,,
Inv1-S3-Module9 11-4-2022 11-49 AM (GMT+5).csv,6.18,17.89,110.6
,7.43,17.87,132.9
,8.35,17.86,149.2
,9.27,17.86,165.5
,10.22,17.85,182.4
,11.11,17.84,198.2
,12.06,17.83,215.0
,12.94,17.83,230.8
,13.89,17.82,247.6
,14.78,17.82,263.4
,15.70,17.81,279.7
,16.56,17.80,294.8
,17.48,17.79,310.9
,18.39,17.78,327.1
,19.28,17.76,342.5
,20.20,17.75,358.6
,21.12,17.73,374.4
,22.04,17.72,390.4
,22.86,17.69,404.6
,23.69,17.61,417.1
,24.48,17.40,425.9
,25.18,17.13,431.3
,25.94,16.77,435.1
,26.58,16.33,434.1
,27.18,15.82,430.2
,27.73,15.25,422.7
,28.27,14.62,413.3
,28.72,13.96,400.9
,29.17,13.27,387.1
,29.59,12.58,372.1
,29.97,11.88,356.2
,30.30,11.20,339.4
,30.66,10.54,323.1
,30.92,9.90,306.0
,31.19,9.28,289.5
,31.43,8.69,273.1
,31.66,8.13,257.5
,31.90,7.60,242.5
,32.08,7.11,227.9
,32.28,6.64,214.4
,32.43,6.20,201.2
,32.58,5.80,188.9
,32.66,5.42,177.0
,32.81,5.06,166.0
,32.99,4.73,156.1
,33.08,4.42,146.2
,33.13,4.14,137.1
,33.25,3.87,128.8
,33.40,3.63,121.2
,33.43,3.40,113.6
,33.49,3.19,106.8
,33.58,2.99,100.4
,33.66,2.81,94.4
,33.72,2.64,88.9
,33.78,2.47,83.6
,33.81,2.34,79.0
,33.84,2.19,74.3
,33.87,2.07,70.0
,33.93,1.95,66.0
,33.96,1.83,62.3
,33.98,1.73,58.7
,34.01,1.63,55.6
,34.04,1.54,52.5
,34.07,1.45,49.5
,34.10,1.37,46.7
,34.13,1.30,44.2
,34.16,1.22,41.7
,34.19,1.16,39.6
,34.22,1.09,37.4
,34.25,1.03,35.3
,34.25,0.98,33.5
,34.28,0.92,31.6
,34.28,0.87,29.8
,34.31,0.83,28.3
,34.31,0.78,26.8
,34.28,0.74,25.3
,34.37,0.70,24.1
,34.37,0.67,22.9
,34.37,0.63,21.6
,34.34,0.60,20.5
,34.33,0.57,19.4
,34.37,0.53,18.4
,34.36,0.51,17.5
,34.39,0.48,16.6
,34.43,0.46,15.7
,34.42,0.43,14.8
,34.49,0.41,14.0
,34.42,0.39,13.3
,34.42,0.37,12.6
,34.45,0.34,11.9
,34.45,0.32,11.2
,34.48,0.30,10.5
,34.45,0.29,10.1
,34.51,0.28,9.6
,34.51,0.27,9.2
,34.48,0.25,8.8
,34.45,0.25,8.5
,34.51,0.23,7.9
,34.48,0.22,7.6
,34.48,0.213616677,7.4
,,,
,,,
,,,
,,,
,,,
,,,
,,,
,,,
,,,
,,,
,,,
,,,
,,,
,,,
,,,
,,,
,,,
,,,
,,,
,,,
,,,
,,,
,,,
,,,
,,,
,,,
,,,
,,,
,,,
,,,
,,,
,,,
,,,
,,,
,,,
,,,
,,,
,,,
,,,
,,,
,,,
,,,
,,,
,,,
,,,
,,,
,,,
,,,
,,,
,,,
,,,
,,,
,,,
,,,
,,,
,,,
,,,
,,,
,,,
,,,
,,,
,,,
,,,
,,,
,,,
,,,
,,,
,,,
,,,
,,,
,,,
,,,
,,,
,,,
,,,
,,,
,,,
,,,
,,,
,,,
,,,
,,,
,,,
,,,
,,,
,,,
,,,
,,,
,,,
,,,
,,,
,,,
,,,
,,,
,,,
,,,
,,,
,,,
,,,
,,,
,,,
,,,
,,,
,,,
,,,
,,,
,,,
,,,
,,,
,,,
,,,
,,,
,,,
,,,
,,,
,,,
,,,
,,,
,,,
,,,
,,,
,,,
,,,
,,,
,,,
,,,
,,,
,,,
,,,
,,,
,,,
,,,
,,,
,,,
,,,
,,,
,,,
,,,
,,,
,,,
,,,
,,,
,,,
,,,
,,,
,,,
,,,
,,,
,,,
,,,
,,,
,,,
,,,
,,,
,,,
,,,
,,,
,,,
,,,
,,,
,,,
,,,
,,,
,,,
,,,
,,,
,,,
,,,
,,,
,,,
,,,
,,,
,,,
,,,
,,,
,,,
,,,
,,,
,,,
,,,
,,,
,,,
,,,
,,,
,,,
,,,
,,,
,,,
,,,
,,,
,,,
,,,
,,,
,,,
,,,
,,,
,,,
,,,
,,,
,,,
,,,
,,,
,,,
,,,
,,,
,,,
,,,
,,,
,,,
,,,
,,,
,,,
,,,
,,,
,,,
,,,
,,,
,,,
,,,
,,,
,,,
,,,
,,,
,,,
,,,
,,,
,,,
,,,
,,,
,,,
,,,
,,,
,,,
,,,
,,,
,,,
,,,
,,,
,,,
,,,
,,,
,,,
,,,
,,,
,,,
,,,
,,,
,,,
,,,
,,,
,,,
,,,
,,,
,,,
,,,
,,,
,,,
,,,
,,,
,,,
,,,
,,,
,,,
,,,
,,,
,,,
,,,
,,,
,,,
,,,
,,,
,,,
,,,
,,,
,,,
,,,
,,,
,,,
,,,
,,,
,,,
,,,
,,,
,,,
,,,
,,,
,,,
,,,
,,,
,,,
,,,
,,,
,,,
,,,
,,,
,,,
,,,
,,,
,,,
,,,
,,,
,,,
,,,
,,,
,,,
,,,
,,,
,,,
,,,
,,,
,,,
,,,
,,,
,,,
,,,
,,,
,,,
,,,
,,,
,,,
,,,
,,,
,,,
,,,
,,,
,,,
,,,
,,,
,,,
,,,
,,,
,,,
,,,
,,,
,,,
,,,
,,,
,,,
,,,
,,,
,,,
,,,
,,,
,,,
,,,
,,,
,,,
,,,
,,,
,,,
,,,
,,,
,,,
,,,
,,,
,,,
,,,
,,,
,,,
,,,
,,,
,,,
,,,
,,,
,,,
,,,
,,,
,,,
,,,
,,,
,,,
,,,
,,,
,,,
,,,
,,,
,,,
,,,
,,,
,,,
,,,
,,,
,,,
,,,
,,,
,,,
,,,
,,,
,,,
,,,
,,,
,,,
,,,
,,,
,,,
,,,
,,,
,,,
,,,
,,,
,,,
,,,
,,,
